SceneObject,HierarchyPath,Primitive,Category,Material,Rank,CandidateAsset,Kind,Score,Reason
"Petals","[--- 01_ENVIRONMENT ---]/__HDVISUAL__Plant_HibiscusFlower/Petals","Sphere","foliage","Mat_ParrotFeather",1,"Assets/Art/Environment/Plants/Plant_HibiscusFlower.prefab","Prefab",65,"semantic:flower; foliage-category; project-art"
"Petals","[--- 01_ENVIRONMENT ---]/__HDVISUAL__Plant_HibiscusFlower/Petals","Sphere","foliage","Mat_ParrotFeather",2,"Assets/FlipGameDev/Terrain&GrassPack/Prefabs/WaterLily/WaterLily_Flower_Closed.prefab","Prefab",55,"semantic:flower; foliage-category"
"Petals","[--- 01_ENVIRONMENT ---]/__HDVISUAL__Plant_HibiscusFlower/Petals","Sphere","foliage","Mat_ParrotFeather",3,"Assets/FlipGameDev/Terrain&GrassPack/Prefabs/WaterLily/WaterLily_Flower_Opened.prefab","Prefab",55,"semantic:flower; foliage-category"
"Petals","[--- 01_ENVIRONMENT ---]/__HDVISUAL__Plant_HibiscusFlower/Petals","Sphere","foliage","Mat_ParrotFeather",4,"Assets/Supercyan Free Forest Sample/Prefabs/High Quality/Foliage/Grass/forestpack_foliage_grassPatch_small_1.prefab","Prefab",50,"foliage-category; high-quality"
"Petals","[--- 01_ENVIRONMENT ---]/__HDVISUAL__Plant_HibiscusFlower/Petals","Sphere","foliage","Mat_ParrotFeather",5,"Assets/Supercyan Free Forest Sample/Prefabs/High Quality/Foliage/Grass/forestpack_foliage_grassPatch_small_2.prefab","Prefab",50,"foliage-category; high-quality"
"Stem","[--- 01_ENVIRONMENT ---]/__HDVISUAL__Plant_HibiscusFlower/Stem","Cylinder","foliage","Mat_JungleLeaves",1,"Assets/Art/Environment/Plants/Plant_HibiscusFlower.prefab","Prefab",65,"semantic:flower; foliage-category; project-art"
"Stem","[--- 01_ENVIRONMENT ---]/__HDVISUAL__Plant_HibiscusFlower/Stem","Cylinder","foliage","Mat_JungleLeaves",2,"Assets/FlipGameDev/Terrain&GrassPack/Prefabs/WaterLily/WaterLily_Flower_Closed.prefab","Prefab",55,"semantic:flower; foliage-category"
"Stem","[--- 01_ENVIRONMENT ---]/__HDVISUAL__Plant_HibiscusFlower/Stem","Cylinder","foliage","Mat_JungleLeaves",3,"Assets/FlipGameDev/Terrain&GrassPack/Prefabs/WaterLily/WaterLily_Flower_Opened.prefab","Prefab",55,"semantic:flower; foliage-category"
"Stem","[--- 01_ENVIRONMENT ---]/__HDVISUAL__Plant_HibiscusFlower/Stem","Cylinder","foliage","Mat_JungleLeaves",4,"Assets/Supercyan Free Forest Sample/Prefabs/High Quality/Foliage/Grass/forestpack_foliage_grassPatch_small_1.prefab","Prefab",50,"foliage-category; high-quality"
"Stem","[--- 01_ENVIRONMENT ---]/__HDVISUAL__Plant_HibiscusFlower/Stem","Cylinder","foliage","Mat_JungleLeaves",5,"Assets/Supercyan Free Forest Sample/Prefabs/High Quality/Foliage/Grass/forestpack_foliage_grassPatch_small_2.prefab","Prefab",50,"foliage-category; high-quality"
"Leaf_0","[--- 01_ENVIRONMENT ---]/__HDVISUAL__Plant_JungleFern/Leaf_0","Cube","foliage","Mat_JungleLeaves",1,"Assets/Art/Environment/Plants/Plant_JungleFern.prefab","Prefab",65,"semantic:fern; foliage-category; project-art"
"Leaf_0","[--- 01_ENVIRONMENT ---]/__HDVISUAL__Plant_JungleFern/Leaf_0","Cube","foliage","Mat_JungleLeaves",2,"Assets/TerrainSampleAssets/Prefabs/Fern_A.prefab","Prefab",55,"semantic:fern; foliage-category"
"Leaf_0","[--- 01_ENVIRONMENT ---]/__HDVISUAL__Plant_JungleFern/Leaf_0","Cube","foliage","Mat_JungleLeaves",3,"Assets/TerrainSampleAssets/Prefabs/Fern_B.prefab","Prefab",55,"semantic:fern; foliage-category"
"Leaf_0","[--- 01_ENVIRONMENT ---]/__HDVISUAL__Plant_JungleFern/Leaf_0","Cube","foliage","Mat_JungleLeaves",4,"Assets/TerrainSampleAssets/Prefabs/Fern_C.prefab","Prefab",55,"semantic:fern; foliage-category"
"Leaf_0","[--- 01_ENVIRONMENT ---]/__HDVISUAL__Plant_JungleFern/Leaf_0","Cube","foliage","Mat_JungleLeaves",5,"Assets/Supercyan Free Forest Sample/Prefabs/High Quality/Foliage/Grass/forestpack_foliage_grassPatch_small_1.prefab","Prefab",50,"foliage-category; high-quality"
"Leaf_1","[--- 01_ENVIRONMENT ---]/__HDVISUAL__Plant_JungleFern/Leaf_1","Cube","foliage","Mat_JungleLeaves",1,"Assets/Art/Environment/Plants/Plant_JungleFern.prefab","Prefab",65,"semantic:fern; foliage-category; project-art"
"Leaf_1","[--- 01_ENVIRONMENT ---]/__HDVISUAL__Plant_JungleFern/Leaf_1","Cube","foliage","Mat_JungleLeaves",2,"Assets/TerrainSampleAssets/Prefabs/Fern_A.prefab","Prefab",55,"semantic:fern; foliage-category"
"Leaf_1","[--- 01_ENVIRONMENT ---]/__HDVISUAL__Plant_JungleFern/Leaf_1","Cube","foliage","Mat_JungleLeaves",3,"Assets/TerrainSampleAssets/Prefabs/Fern_B.prefab","Prefab",55,"semantic:fern; foliage-category"
"Leaf_1","[--- 01_ENVIRONMENT ---]/__HDVISUAL__Plant_JungleFern/Leaf_1","Cube","foliage","Mat_JungleLeaves",4,"Assets/TerrainSampleAssets/Prefabs/Fern_C.prefab","Prefab",55,"semantic:fern; foliage-category"
"Leaf_1","[--- 01_ENVIRONMENT ---]/__HDVISUAL__Plant_JungleFern/Leaf_1","Cube","foliage","Mat_JungleLeaves",5,"Assets/Supercyan Free Forest Sample/Prefabs/High Quality/Foliage/Grass/forestpack_foliage_grassPatch_small_1.prefab","Prefab",50,"foliage-category; high-quality"
"Leaf_2","[--- 01_ENVIRONMENT ---]/__HDVISUAL__Plant_JungleFern/Leaf_2","Cube","foliage","Mat_JungleLeaves",1,"Assets/Art/Environment/Plants/Plant_JungleFern.prefab","Prefab",65,"semantic:fern; foliage-category; project-art"
"Leaf_2","[--- 01_ENVIRONMENT ---]/__HDVISUAL__Plant_JungleFern/Leaf_2","Cube","foliage","Mat_JungleLeaves",2,"Assets/TerrainSampleAssets/Prefabs/Fern_A.prefab","Prefab",55,"semantic:fern; foliage-category"
"Leaf_2","[--- 01_ENVIRONMENT ---]/__HDVISUAL__Plant_JungleFern/Leaf_2","Cube","foliage","Mat_JungleLeaves",3,"Assets/TerrainSampleAssets/Prefabs/Fern_B.prefab","Prefab",55,"semantic:fern; foliage-category"
"Leaf_2","[--- 01_ENVIRONMENT ---]/__HDVISUAL__Plant_JungleFern/Leaf_2","Cube","foliage","Mat_JungleLeaves",4,"Assets/TerrainSampleAssets/Prefabs/Fern_C.prefab","Prefab",55,"semantic:fern; foliage-category"
"Leaf_2","[--- 01_ENVIRONMENT ---]/__HDVISUAL__Plant_JungleFern/Leaf_2","Cube","foliage","Mat_JungleLeaves",5,"Assets/Supercyan Free Forest Sample/Prefabs/High Quality/Foliage/Grass/forestpack_foliage_grassPatch_small_1.prefab","Prefab",50,"foliage-category; high-quality"
"Leaf_3","[--- 01_ENVIRONMENT ---]/__HDVISUAL__Plant_JungleFern/Leaf_3","Cube","foliage","Mat_JungleLeaves",1,"Assets/Art/Environment/Plants/Plant_JungleFern.prefab","Prefab",65,"semantic:fern; foliage-category; project-art"
"Leaf_3","[--- 01_ENVIRONMENT ---]/__HDVISUAL__Plant_JungleFern/Leaf_3","Cube","foliage","Mat_JungleLeaves",2,"Assets/TerrainSampleAssets/Prefabs/Fern_A.prefab","Prefab",55,"semantic:fern; foliage-category"
"Leaf_3","[--- 01_ENVIRONMENT ---]/__HDVISUAL__Plant_JungleFern/Leaf_3","Cube","foliage","Mat_JungleLeaves",3,"Assets/TerrainSampleAssets/Prefabs/Fern_B.prefab","Prefab",55,"semantic:fern; foliage-category"
"Leaf_3","[--- 01_ENVIRONMENT ---]/__HDVISUAL__Plant_JungleFern/Leaf_3","Cube","foliage","Mat_JungleLeaves",4,"Assets/TerrainSampleAssets/Prefabs/Fern_C.prefab","Prefab",55,"semantic:fern; foliage-category"
"Leaf_3","[--- 01_ENVIRONMENT ---]/__HDVISUAL__Plant_JungleFern/Leaf_3","Cube","foliage","Mat_JungleLeaves",5,"Assets/Supercyan Free Forest Sample/Prefabs/High Quality/Foliage/Grass/forestpack_foliage_grassPatch_small_1.prefab","Prefab",50,"foliage-category; high-quality"
"Leaf_4","[--- 01_ENVIRONMENT ---]/__HDVISUAL__Plant_JungleFern/Leaf_4","Cube","foliage","Mat_JungleLeaves",1,"Assets/Art/Environment/Plants/Plant_JungleFern.prefab","Prefab",65,"semantic:fern; foliage-category; project-art"
"Leaf_4","[--- 01_ENVIRONMENT ---]/__HDVISUAL__Plant_JungleFern/Leaf_4","Cube","foliage","Mat_JungleLeaves",2,"Assets/TerrainSampleAssets/Prefabs/Fern_A.prefab","Prefab",55,"semantic:fern; foliage-category"
"Leaf_4","[--- 01_ENVIRONMENT ---]/__HDVISUAL__Plant_JungleFern/Leaf_4","Cube","foliage","Mat_JungleLeaves",3,"Assets/TerrainSampleAssets/Prefabs/Fern_B.prefab","Prefab",55,"semantic:fern; foliage-category"
"Leaf_4","[--- 01_ENVIRONMENT ---]/__HDVISUAL__Plant_JungleFern/Leaf_4","Cube","foliage","Mat_JungleLeaves",4,"Assets/TerrainSampleAssets/Prefabs/Fern_C.prefab","Prefab",55,"semantic:fern; foliage-category"
"Leaf_4","[--- 01_ENVIRONMENT ---]/__HDVISUAL__Plant_JungleFern/Leaf_4","Cube","foliage","Mat_JungleLeaves",5,"Assets/Supercyan Free Forest Sample/Prefabs/High Quality/Foliage/Grass/forestpack_foliage_grassPatch_small_1.prefab","Prefab",50,"foliage-category; high-quality"
"Foliage1","[--- 01_ENVIRONMENT ---]/__HDVISUAL__Plant_TropicalBush/Foliage1","Sphere","foliage","Mat_JungleLeaves",1,"Assets/Art/Environment/Plants/Plant_TropicalBush.prefab","Prefab",65,"semantic:bush; foliage-category; project-art"
"Foliage1","[--- 01_ENVIRONMENT ---]/__HDVISUAL__Plant_TropicalBush/Foliage1","Sphere","foliage","Mat_JungleLeaves",2,"Assets/FlipGameDev/Terrain&GrassPack/Art/Meshes/Bush_Mesh.fbx","Model",55,"semantic:bush; foliage-category"
"Foliage1","[--- 01_ENVIRONMENT ---]/__HDVISUAL__Plant_TropicalBush/Foliage1","Sphere","foliage","Mat_JungleLeaves",3,"Assets/FlipGameDev/Terrain&GrassPack/Prefabs/MeshBillboard/Bush_Mesh.prefab","Prefab",55,"semantic:bush; foliage-category"
"Foliage1","[--- 01_ENVIRONMENT ---]/__HDVISUAL__Plant_TropicalBush/Foliage1","Sphere","foliage","Mat_JungleLeaves",4,"Assets/HD_Jungle_Assets/Jungle/HD_Jungle_Bush_01.prefab","Prefab",55,"semantic:bush; foliage-category"
"Foliage1","[--- 01_ENVIRONMENT ---]/__HDVISUAL__Plant_TropicalBush/Foliage1","Sphere","foliage","Mat_JungleLeaves",5,"Assets/TerrainSampleAssets/Prefabs/Bush_A.prefab","Prefab",55,"semantic:bush; foliage-category"
"Foliage2","[--- 01_ENVIRONMENT ---]/__HDVISUAL__Plant_TropicalBush/Foliage2","Sphere","foliage","Mat_JungleLeaves",1,"Assets/Art/Environment/Plants/Plant_TropicalBush.prefab","Prefab",65,"semantic:bush; foliage-category; project-art"
"Foliage2","[--- 01_ENVIRONMENT ---]/__HDVISUAL__Plant_TropicalBush/Foliage2","Sphere","foliage","Mat_JungleLeaves",2,"Assets/FlipGameDev/Terrain&GrassPack/Art/Meshes/Bush_Mesh.fbx","Model",55,"semantic:bush; foliage-category"
"Foliage2","[--- 01_ENVIRONMENT ---]/__HDVISUAL__Plant_TropicalBush/Foliage2","Sphere","foliage","Mat_JungleLeaves",3,"Assets/FlipGameDev/Terrain&GrassPack/Prefabs/MeshBillboard/Bush_Mesh.prefab","Prefab",55,"semantic:bush; foliage-category"
"Foliage2","[--- 01_ENVIRONMENT ---]/__HDVISUAL__Plant_TropicalBush/Foliage2","Sphere","foliage","Mat_JungleLeaves",4,"Assets/HD_Jungle_Assets/Jungle/HD_Jungle_Bush_01.prefab","Prefab",55,"semantic:bush; foliage-category"
"Foliage2","[--- 01_ENVIRONMENT ---]/__HDVISUAL__Plant_TropicalBush/Foliage2","Sphere","foliage","Mat_JungleLeaves",5,"Assets/TerrainSampleAssets/Prefabs/Bush_A.prefab","Prefab",55,"semantic:bush; foliage-category"
"Mesh","[--- 01_ENVIRONMENT ---]/__HDVISUAL__Rock_MossyBoulder/Mesh","Sphere","rock","Mat_MossyRock",1,"Assets/Art/Environment/Rocks/Rock_MossyBoulder.prefab","Prefab",90,"semantic:rock; semantic:boulder; rock-category; project-art"
"Mesh","[--- 01_ENVIRONMENT ---]/__HDVISUAL__Rock_MossyBoulder/Mesh","Sphere","rock","Mat_MossyRock",2,"Assets/Art/Environment/Rocks/Rock_CliffFormation.prefab","Prefab",65,"semantic:rock; rock-category; project-art"
"Mesh","[--- 01_ENVIRONMENT ---]/__HDVISUAL__Rock_MossyBoulder/Mesh","Sphere","rock","Mat_MossyRock",3,"Assets/Art/Environment/Rocks/Rock_FloatingIsland.prefab","Prefab",65,"semantic:rock; rock-category; project-art"
"Mesh","[--- 01_ENVIRONMENT ---]/__HDVISUAL__Rock_MossyBoulder/Mesh","Sphere","rock","Mat_MossyRock",4,"Assets/FlipGameDev/Terrain&GrassPack/Art/Meshes/Rocks/Rock_1.fbx","Model",55,"semantic:rock; rock-category"
"Mesh","[--- 01_ENVIRONMENT ---]/__HDVISUAL__Rock_MossyBoulder/Mesh","Sphere","rock","Mat_MossyRock",5,"Assets/FlipGameDev/Terrain&GrassPack/Art/Meshes/Rocks/Rock_10.fbx","Model",55,"semantic:rock; rock-category"
"Frond_0","[--- 01_ENVIRONMENT ---]/__HDVISUAL__Tree_CoconutPalm/Frond_0","Cube","tree","Mat_PalmLeaves",1,"Assets/Art/Environment/HD/Trees/HD_Tree_CoconutPalm_01.prefab","Prefab",90,"semantic:tree; semantic:palm; tree-category; project-art"
"Frond_0","[--- 01_ENVIRONMENT ---]/__HDVISUAL__Tree_CoconutPalm/Frond_0","Cube","tree","Mat_PalmLeaves",2,"Assets/Art/Environment/Trees/Tree_CoconutPalm.prefab","Prefab",90,"semantic:tree; semantic:palm; tree-category; project-art"
"Frond_0","[--- 01_ENVIRONMENT ---]/__HDVISUAL__Tree_CoconutPalm/Frond_0","Cube","tree","Mat_PalmLeaves",3,"Assets/Supercyan Free Forest Sample/Prefabs/High Quality/Tree/Fir/forestpack_tree_fir_tall.prefab","Prefab",75,"semantic:tree; tree-category; high-quality"
"Frond_0","[--- 01_ENVIRONMENT ---]/__HDVISUAL__Tree_CoconutPalm/Frond_0","Cube","tree","Mat_PalmLeaves",4,"Assets/Supercyan Free Forest Sample/Prefabs/High Quality/Tree/Leaf/Normal/forestpack_tree_1_leaf_1.prefab","Prefab",75,"semantic:tree; tree-category; high-quality"
"Frond_0","[--- 01_ENVIRONMENT ---]/__HDVISUAL__Tree_CoconutPalm/Frond_0","Cube","tree","Mat_PalmLeaves",5,"Assets/Supercyan Free Forest Sample/Prefabs/High Quality/Tree/Treestump/forestpack_tree_stump_1.prefab","Prefab",75,"semantic:tree; tree-category; high-quality"
"Frond_1","[--- 01_ENVIRONMENT ---]/__HDVISUAL__Tree_CoconutPalm/Frond_1","Cube","tree","Mat_PalmLeaves",1,"Assets/Art/Environment/HD/Trees/HD_Tree_CoconutPalm_01.prefab","Prefab",90,"semantic:tree; semantic:palm; tree-category; project-art"
"Frond_1","[--- 01_ENVIRONMENT ---]/__HDVISUAL__Tree_CoconutPalm/Frond_1","Cube","tree","Mat_PalmLeaves",2,"Assets/Art/Environment/Trees/Tree_CoconutPalm.prefab","Prefab",90,"semantic:tree; semantic:palm; tree-category; project-art"
"Frond_1","[--- 01_ENVIRONMENT ---]/__HDVISUAL__Tree_CoconutPalm/Frond_1","Cube","tree","Mat_PalmLeaves",3,"Assets/Supercyan Free Forest Sample/Prefabs/High Quality/Tree/Fir/forestpack_tree_fir_tall.prefab","Prefab",75,"semantic:tree; tree-category; high-quality"
"Frond_1","[--- 01_ENVIRONMENT ---]/__HDVISUAL__Tree_CoconutPalm/Frond_1","Cube","tree","Mat_PalmLeaves",4,"Assets/Supercyan Free Forest Sample/Prefabs/High Quality/Tree/Leaf/Normal/forestpack_tree_1_leaf_1.prefab","Prefab",75,"semantic:tree; tree-category; high-quality"
"Frond_1","[--- 01_ENVIRONMENT ---]/__HDVISUAL__Tree_CoconutPalm/Frond_1","Cube","tree","Mat_PalmLeaves",5,"Assets/Supercyan Free Forest Sample/Prefabs/High Quality/Tree/Treestump/forestpack_tree_stump_1.prefab","Prefab",75,"semantic:tree; tree-category; high-quality"
"Frond_2","[--- 01_ENVIRONMENT ---]/__HDVISUAL__Tree_CoconutPalm/Frond_2","Cube","tree","Mat_PalmLeaves",1,"Assets/Art/Environment/HD/Trees/HD_Tree_CoconutPalm_01.prefab","Prefab",90,"semantic:tree; semantic:palm; tree-category; project-art"
"Frond_2","[--- 01_ENVIRONMENT ---]/__HDVISUAL__Tree_CoconutPalm/Frond_2","Cube","tree","Mat_PalmLeaves",2,"Assets/Art/Environment/Trees/Tree_CoconutPalm.prefab","Prefab",90,"semantic:tree; semantic:palm; tree-category; project-art"
"Frond_2","[--- 01_ENVIRONMENT ---]/__HDVISUAL__Tree_CoconutPalm/Frond_2","Cube","tree","Mat_PalmLeaves",3,"Assets/Supercyan Free Forest Sample/Prefabs/High Quality/Tree/Fir/forestpack_tree_fir_tall.prefab","Prefab",75,"semantic:tree; tree-category; high-quality"
"Frond_2","[--- 01_ENVIRONMENT ---]/__HDVISUAL__Tree_CoconutPalm/Frond_2","Cube","tree","Mat_PalmLeaves",4,"Assets/Supercyan Free Forest Sample/Prefabs/High Quality/Tree/Leaf/Normal/forestpack_tree_1_leaf_1.prefab","Prefab",75,"semantic:tree; tree-category; high-quality"
"Frond_2","[--- 01_ENVIRONMENT ---]/__HDVISUAL__Tree_CoconutPalm/Frond_2","Cube","tree","Mat_PalmLeaves",5,"Assets/Supercyan Free Forest Sample/Prefabs/High Quality/Tree/Treestump/forestpack_tree_stump_1.prefab","Prefab",75,"semantic:tree; tree-category; high-quality"
"Frond_3","[--- 01_ENVIRONMENT ---]/__HDVISUAL__Tree_CoconutPalm/Frond_3","Cube","tree","Mat_PalmLeaves",1,"Assets/Art/Environment/HD/Trees/HD_Tree_CoconutPalm_01.prefab","Prefab",90,"semantic:tree; semantic:palm; tree-category; project-art"
"Frond_3","[--- 01_ENVIRONMENT ---]/__HDVISUAL__Tree_CoconutPalm/Frond_3","Cube","tree","Mat_PalmLeaves",2,"Assets/Art/Environment/Trees/Tree_CoconutPalm.prefab","Prefab",90,"semantic:tree; semantic:palm; tree-category; project-art"
"Frond_3","[--- 01_ENVIRONMENT ---]/__HDVISUAL__Tree_CoconutPalm/Frond_3","Cube","tree","Mat_PalmLeaves",3,"Assets/Supercyan Free Forest Sample/Prefabs/High Quality/Tree/Fir/forestpack_tree_fir_tall.prefab","Prefab",75,"semantic:tree; tree-category; high-quality"
"Frond_3","[--- 01_ENVIRONMENT ---]/__HDVISUAL__Tree_CoconutPalm/Frond_3","Cube","tree","Mat_PalmLeaves",4,"Assets/Supercyan Free Forest Sample/Prefabs/High Quality/Tree/Leaf/Normal/forestpack_tree_1_leaf_1.prefab","Prefab",75,"semantic:tree; tree-category; high-quality"
"Frond_3","[--- 01_ENVIRONMENT ---]/__HDVISUAL__Tree_CoconutPalm/Frond_3","Cube","tree","Mat_PalmLeaves",5,"Assets/Supercyan Free Forest Sample/Prefabs/High Quality/Tree/Treestump/forestpack_tree_stump_1.prefab","Prefab",75,"semantic:tree; tree-category; high-quality"
"Frond_4","[--- 01_ENVIRONMENT ---]/__HDVISUAL__Tree_CoconutPalm/Frond_4","Cube","tree","Mat_PalmLeaves",1,"Assets/Art/Environment/HD/Trees/HD_Tree_CoconutPalm_01.prefab","Prefab",90,"semantic:tree; semantic:palm; tree-category; project-art"
"Frond_4","[--- 01_ENVIRONMENT ---]/__HDVISUAL__Tree_CoconutPalm/Frond_4","Cube","tree","Mat_PalmLeaves",2,"Assets/Art/Environment/Trees/Tree_CoconutPalm.prefab","Prefab",90,"semantic:tree; semantic:palm; tree-category; project-art"
"Frond_4","[--- 01_ENVIRONMENT ---]/__HDVISUAL__Tree_CoconutPalm/Frond_4","Cube","tree","Mat_PalmLeaves",3,"Assets/Supercyan Free Forest Sample/Prefabs/High Quality/Tree/Fir/forestpack_tree_fir_tall.prefab","Prefab",75,"semantic:tree; tree-category; high-quality"
"Frond_4","[--- 01_ENVIRONMENT ---]/__HDVISUAL__Tree_CoconutPalm/Frond_4","Cube","tree","Mat_PalmLeaves",4,"Assets/Supercyan Free Forest Sample/Prefabs/High Quality/Tree/Leaf/Normal/forestpack_tree_1_leaf_1.prefab","Prefab",75,"semantic:tree; tree-category; high-quality"
"Frond_4","[--- 01_ENVIRONMENT ---]/__HDVISUAL__Tree_CoconutPalm/Frond_4","Cube","tree","Mat_PalmLeaves",5,"Assets/Supercyan Free Forest Sample/Prefabs/High Quality/Tree/Treestump/forestpack_tree_stump_1.prefab","Prefab",75,"semantic:tree; tree-category; high-quality"
"Frond_5","[--- 01_ENVIRONMENT ---]/__HDVISUAL__Tree_CoconutPalm/Frond_5","Cube","tree","Mat_PalmLeaves",1,"Assets/Art/Environment/HD/Trees/HD_Tree_CoconutPalm_01.prefab","Prefab",90,"semantic:tree; semantic:palm; tree-category; project-art"
"Frond_5","[--- 01_ENVIRONMENT ---]/__HDVISUAL__Tree_CoconutPalm/Frond_5","Cube","tree","Mat_PalmLeaves",2,"Assets/Art/Environment/Trees/Tree_CoconutPalm.prefab","Prefab",90,"semantic:tree; semantic:palm; tree-category; project-art"
"Frond_5","[--- 01_ENVIRONMENT ---]/__HDVISUAL__Tree_CoconutPalm/Frond_5","Cube","tree","Mat_PalmLeaves",3,"Assets/Supercyan Free Forest Sample/Prefabs/High Quality/Tree/Fir/forestpack_tree_fir_tall.prefab","Prefab",75,"semantic:tree; tree-category; high-quality"
"Frond_5","[--- 01_ENVIRONMENT ---]/__HDVISUAL__Tree_CoconutPalm/Frond_5","Cube","tree","Mat_PalmLeaves",4,"Assets/Supercyan Free Forest Sample/Prefabs/High Quality/Tree/Leaf/Normal/forestpack_tree_1_leaf_1.prefab","Prefab",75,"semantic:tree; tree-category; high-quality"
"Frond_5","[--- 01_ENVIRONMENT ---]/__HDVISUAL__Tree_CoconutPalm/Frond_5","Cube","tree","Mat_PalmLeaves",5,"Assets/Supercyan Free Forest Sample/Prefabs/High Quality/Tree/Treestump/forestpack_tree_stump_1.prefab","Prefab",75,"semantic:tree; tree-category; high-quality"
"Trunk","[--- 01_ENVIRONMENT ---]/__HDVISUAL__Tree_CoconutPalm/Trunk","Cylinder","tree","Mat_JungleWood",1,"Assets/Art/Environment/HD/Trees/HD_Tree_CoconutPalm_01.prefab","Prefab",90,"semantic:tree; semantic:palm; tree-category; project-art"
"Trunk","[--- 01_ENVIRONMENT ---]/__HDVISUAL__Tree_CoconutPalm/Trunk","Cylinder","tree","Mat_JungleWood",2,"Assets/Art/Environment/Trees/Tree_CoconutPalm.prefab","Prefab",90,"semantic:tree; semantic:palm; tree-category; project-art"
"Trunk","[--- 01_ENVIRONMENT ---]/__HDVISUAL__Tree_CoconutPalm/Trunk","Cylinder","tree","Mat_JungleWood",3,"Assets/Supercyan Free Forest Sample/Prefabs/High Quality/Tree/Fir/forestpack_tree_fir_tall.prefab","Prefab",75,"semantic:tree; tree-category; high-quality"
"Trunk","[--- 01_ENVIRONMENT ---]/__HDVISUAL__Tree_CoconutPalm/Trunk","Cylinder","tree","Mat_JungleWood",4,"Assets/Supercyan Free Forest Sample/Prefabs/High Quality/Tree/Leaf/Normal/forestpack_tree_1_leaf_1.prefab","Prefab",75,"semantic:tree; tree-category; high-quality"
"Trunk","[--- 01_ENVIRONMENT ---]/__HDVISUAL__Tree_CoconutPalm/Trunk","Cylinder","tree","Mat_JungleWood",5,"Assets/Supercyan Free Forest Sample/Prefabs/High Quality/Tree/Treestump/forestpack_tree_stump_1.prefab","Prefab",75,"semantic:tree; tree-category; high-quality"
"Foliage_Center","[--- 01_ENVIRONMENT ---]/__HDVISUAL__Tree_JungleCanopy/Foliage_Center","Sphere","tree","Mat_JungleLeaves",1,"Assets/Art/Environment/Trees/Tree_JungleCanopy.prefab","Prefab",90,"semantic:tree; semantic:canopy; tree-category; project-art"
"Foliage_Center","[--- 01_ENVIRONMENT ---]/__HDVISUAL__Tree_JungleCanopy/Foliage_Center","Sphere","tree","Mat_JungleLeaves",2,"Assets/Supercyan Free Forest Sample/Prefabs/High Quality/Tree/Fir/forestpack_tree_fir_tall.prefab","Prefab",75,"semantic:tree; tree-category; high-quality"
"Foliage_Center","[--- 01_ENVIRONMENT ---]/__HDVISUAL__Tree_JungleCanopy/Foliage_Center","Sphere","tree","Mat_JungleLeaves",3,"Assets/Supercyan Free Forest Sample/Prefabs/High Quality/Tree/Leaf/Normal/forestpack_tree_1_leaf_1.prefab","Prefab",75,"semantic:tree; tree-category; high-quality"
"Foliage_Center","[--- 01_ENVIRONMENT ---]/__HDVISUAL__Tree_JungleCanopy/Foliage_Center","Sphere","tree","Mat_JungleLeaves",4,"Assets/Supercyan Free Forest Sample/Prefabs/High Quality/Tree/Treestump/forestpack_tree_stump_1.prefab","Prefab",75,"semantic:tree; tree-category; high-quality"
"Foliage_Center","[--- 01_ENVIRONMENT ---]/__HDVISUAL__Tree_JungleCanopy/Foliage_Center","Sphere","tree","Mat_JungleLeaves",5,"Assets/Art/Environment/HD/Trees/HD_Tree_CoconutPalm_01.prefab","Prefab",65,"semantic:tree; tree-category; project-art"
"Foliage_L","[--- 01_ENVIRONMENT ---]/__HDVISUAL__Tree_JungleCanopy/Foliage_L","Sphere","tree","Mat_JungleLeaves",1,"Assets/Art/Environment/Trees/Tree_JungleCanopy.prefab","Prefab",90,"semantic:tree; semantic:canopy; tree-category; project-art"
"Foliage_L","[--- 01_ENVIRONMENT ---]/__HDVISUAL__Tree_JungleCanopy/Foliage_L","Sphere","tree","Mat_JungleLeaves",2,"Assets/Supercyan Free Forest Sample/Prefabs/High Quality/Tree/Fir/forestpack_tree_fir_tall.prefab","Prefab",75,"semantic:tree; tree-category; high-quality"
"Foliage_L","[--- 01_ENVIRONMENT ---]/__HDVISUAL__Tree_JungleCanopy/Foliage_L","Sphere","tree","Mat_JungleLeaves",3,"Assets/Supercyan Free Forest Sample/Prefabs/High Quality/Tree/Leaf/Normal/forestpack_tree_1_leaf_1.prefab","Prefab",75,"semantic:tree; tree-category; high-quality"
"Foliage_L","[--- 01_ENVIRONMENT ---]/__HDVISUAL__Tree_JungleCanopy/Foliage_L","Sphere","tree","Mat_JungleLeaves",4,"Assets/Supercyan Free Forest Sample/Prefabs/High Quality/Tree/Treestump/forestpack_tree_stump_1.prefab","Prefab",75,"semantic:tree; tree-category; high-quality"
"Foliage_L","[--- 01_ENVIRONMENT ---]/__HDVISUAL__Tree_JungleCanopy/Foliage_L","Sphere","tree","Mat_JungleLeaves",5,"Assets/Art/Environment/HD/Trees/HD_Tree_CoconutPalm_01.prefab","Prefab",65,"semantic:tree; tree-category; project-art"
"Foliage_R","[--- 01_ENVIRONMENT ---]/__HDVISUAL__Tree_JungleCanopy/Foliage_R","Sphere","tree","Mat_JungleLeaves",1,"Assets/Art/Environment/Trees/Tree_JungleCanopy.prefab","Prefab",90,"semantic:tree; semantic:canopy; tree-category; project-art"
"Foliage_R","[--- 01_ENVIRONMENT ---]/__HDVISUAL__Tree_JungleCanopy/Foliage_R","Sphere","tree","Mat_JungleLeaves",2,"Assets/Supercyan Free Forest Sample/Prefabs/High Quality/Tree/Fir/forestpack_tree_fir_tall.prefab","Prefab",75,"semantic:tree; tree-category; high-quality"
"Foliage_R","[--- 01_ENVIRONMENT ---]/__HDVISUAL__Tree_JungleCanopy/Foliage_R","Sphere","tree","Mat_JungleLeaves",3,"Assets/Supercyan Free Forest Sample/Prefabs/High Quality/Tree/Leaf/Normal/forestpack_tree_1_leaf_1.prefab","Prefab",75,"semantic:tree; tree-category; high-quality"
"Foliage_R","[--- 01_ENVIRONMENT ---]/__HDVISUAL__Tree_JungleCanopy/Foliage_R","Sphere","tree","Mat_JungleLeaves",4,"Assets/Supercyan Free Forest Sample/Prefabs/High Quality/Tree/Treestump/forestpack_tree_stump_1.prefab","Prefab",75,"semantic:tree; tree-category; high-quality"
"Foliage_R","[--- 01_ENVIRONMENT ---]/__HDVISUAL__Tree_JungleCanopy/Foliage_R","Sphere","tree","Mat_JungleLeaves",5,"Assets/Art/Environment/HD/Trees/HD_Tree_CoconutPalm_01.prefab","Prefab",65,"semantic:tree; tree-category; project-art"
"Trunk","[--- 01_ENVIRONMENT ---]/__HDVISUAL__Tree_JungleCanopy/Trunk","Cylinder","tree","Mat_JungleWood",1,"Assets/Art/Environment/Trees/Tree_JungleCanopy.prefab","Prefab",90,"semantic:tree; semantic:canopy; tree-category; project-art"
"Trunk","[--- 01_ENVIRONMENT ---]/__HDVISUAL__Tree_JungleCanopy/Trunk","Cylinder","tree","Mat_JungleWood",2,"Assets/Supercyan Free Forest Sample/Prefabs/High Quality/Tree/Fir/forestpack_tree_fir_tall.prefab","Prefab",75,"semantic:tree; tree-category; high-quality"
"Trunk","[--- 01_ENVIRONMENT ---]/__HDVISUAL__Tree_JungleCanopy/Trunk","Cylinder","tree","Mat_JungleWood",3,"Assets/Supercyan Free Forest Sample/Prefabs/High Quality/Tree/Leaf/Normal/forestpack_tree_1_leaf_1.prefab","Prefab",75,"semantic:tree; tree-category; high-quality"
"Trunk","[--- 01_ENVIRONMENT ---]/__HDVISUAL__Tree_JungleCanopy/Trunk","Cylinder","tree","Mat_JungleWood",4,"Assets/Supercyan Free Forest Sample/Prefabs/High Quality/Tree/Treestump/forestpack_tree_stump_1.prefab","Prefab",75,"semantic:tree; tree-category; high-quality"
"Trunk","[--- 01_ENVIRONMENT ---]/__HDVISUAL__Tree_JungleCanopy/Trunk","Cylinder","tree","Mat_JungleWood",5,"Assets/Art/Environment/HD/Trees/HD_Tree_CoconutPalm_01.prefab","Prefab",65,"semantic:tree; tree-category; project-art"
"Ground_Checkpoint2_Arena","[--- 01_ENVIRONMENT ---]/Ground_Checkpoint2_Arena","Cube","prop","Mat_Jungle_Ground",1,"Assets/Art/VFX/VFX_Checkpoint_Beam.prefab","Prefab",35,"semantic:checkpoint; project-art"
"Ground_Checkpoint2_Arena","[--- 01_ENVIRONMENT ---]/Ground_Checkpoint2_Arena","Cube","prop","Mat_Jungle_Ground",2,"Assets/Supercyan Free Forest Sample/Prefabs/High Quality/Foliage/Grass/forestpack_foliage_grassPatch_small_1.prefab","Prefab",20,"high-quality"
"Ground_Checkpoint2_Arena","[--- 01_ENVIRONMENT ---]/Ground_Checkpoint2_Arena","Cube","prop","Mat_Jungle_Ground",3,"Assets/Supercyan Free Forest Sample/Prefabs/High Quality/Foliage/Grass/forestpack_foliage_grassPatch_small_2.prefab","Prefab",20,"high-quality"
"Ground_Checkpoint2_Arena","[--- 01_ENVIRONMENT ---]/Ground_Checkpoint2_Arena","Cube","prop","Mat_Jungle_Ground",4,"Assets/Supercyan Free Forest Sample/Prefabs/High Quality/Foliage/Mushroom/forestpack_foliage_mushroom_blue_big.prefab","Prefab",20,"high-quality"
"Ground_Checkpoint2_Arena","[--- 01_ENVIRONMENT ---]/Ground_Checkpoint2_Arena","Cube","prop","Mat_Jungle_Ground",5,"Assets/Supercyan Free Forest Sample/Prefabs/High Quality/Foliage/Mushroom/forestpack_foliage_mushroom_red_small.prefab","Prefab",20,"high-quality"
"Ground_Enemy_Arena","[--- 01_ENVIRONMENT ---]/Ground_Enemy_Arena","Cube","enemy","Mat_Jungle_Ground",1,"Assets/Art/Enemies/Enemy_JunglePredator.prefab","Prefab",70,"semantic:enemy; character-category; project-art"
"Ground_Enemy_Arena","[--- 01_ENVIRONMENT ---]/Ground_Enemy_Arena","Cube","enemy","Mat_Jungle_Ground",2,"Assets/Art/Enemies/Enemy_ToxicReptile.prefab","Prefab",70,"semantic:enemy; character-category; project-art"
"Ground_Enemy_Arena","[--- 01_ENVIRONMENT ---]/Ground_Enemy_Arena","Cube","enemy","Mat_Jungle_Ground",3,"Assets/Art/Enemies/Enemy_WildBoar.prefab","Prefab",70,"semantic:enemy; character-category; project-art"
"Ground_Enemy_Arena","[--- 01_ENVIRONMENT ---]/Ground_Enemy_Arena","Cube","enemy","Mat_Jungle_Ground",4,"Assets/Art/Characters/Monkey_Base.prefab","Prefab",45,"character-category; project-art"
"Ground_Enemy_Arena","[--- 01_ENVIRONMENT ---]/Ground_Enemy_Arena","Cube","enemy","Mat_Jungle_Ground",5,"Assets/Art/Characters/Monkey_DivineGuardian.prefab","Prefab",45,"character-category; project-art"
"Ground_Hazard_Clearing","[--- 01_ENVIRONMENT ---]/Ground_Hazard_Clearing","Cube","environment","Mat_Jungle_Ground",1,"Assets/Supercyan Free Forest Sample/Prefabs/High Quality/Foliage/Grass/forestpack_foliage_grassPatch_small_1.prefab","Prefab",20,"high-quality"
"Ground_Hazard_Clearing","[--- 01_ENVIRONMENT ---]/Ground_Hazard_Clearing","Cube","environment","Mat_Jungle_Ground",2,"Assets/Supercyan Free Forest Sample/Prefabs/High Quality/Foliage/Grass/forestpack_foliage_grassPatch_small_2.prefab","Prefab",20,"high-quality"
"Ground_Hazard_Clearing","[--- 01_ENVIRONMENT ---]/Ground_Hazard_Clearing","Cube","environment","Mat_Jungle_Ground",3,"Assets/Supercyan Free Forest Sample/Prefabs/High Quality/Foliage/Mushroom/forestpack_foliage_mushroom_blue_big.prefab","Prefab",20,"high-quality"
"Ground_Hazard_Clearing","[--- 01_ENVIRONMENT ---]/Ground_Hazard_Clearing","Cube","environment","Mat_Jungle_Ground",4,"Assets/Supercyan Free Forest Sample/Prefabs/High Quality/Foliage/Mushroom/forestpack_foliage_mushroom_red_small.prefab","Prefab",20,"high-quality"
"Ground_Hazard_Clearing","[--- 01_ENVIRONMENT ---]/Ground_Hazard_Clearing","Cube","environment","Mat_Jungle_Ground",5,"Assets/Supercyan Free Forest Sample/Prefabs/High Quality/Sign/forestpack_roadSign_westEast_1.prefab","Prefab",20,"high-quality"
"Ground_Level_Complete_Exit","[--- 01_ENVIRONMENT ---]/Ground_Level_Complete_Exit","Cube","environment","Mat_Jungle_Ground",1,"Assets/Supercyan Free Forest Sample/Prefabs/High Quality/Foliage/Grass/forestpack_foliage_grassPatch_small_1.prefab","Prefab",20,"high-quality"
"Ground_Level_Complete_Exit","[--- 01_ENVIRONMENT ---]/Ground_Level_Complete_Exit","Cube","environment","Mat_Jungle_Ground",2,"Assets/Supercyan Free Forest Sample/Prefabs/High Quality/Foliage/Grass/forestpack_foliage_grassPatch_small_2.prefab","Prefab",20,"high-quality"
"Ground_Level_Complete_Exit","[--- 01_ENVIRONMENT ---]/Ground_Level_Complete_Exit","Cube","environment","Mat_Jungle_Ground",3,"Assets/Supercyan Free Forest Sample/Prefabs/High Quality/Foliage/Mushroom/forestpack_foliage_mushroom_blue_big.prefab","Prefab",20,"high-quality"
"Ground_Level_Complete_Exit","[--- 01_ENVIRONMENT ---]/Ground_Level_Complete_Exit","Cube","environment","Mat_Jungle_Ground",4,"Assets/Supercyan Free Forest Sample/Prefabs/High Quality/Foliage/Mushroom/forestpack_foliage_mushroom_red_small.prefab","Prefab",20,"high-quality"
"Ground_Level_Complete_Exit","[--- 01_ENVIRONMENT ---]/Ground_Level_Complete_Exit","Cube","environment","Mat_Jungle_Ground",5,"Assets/Supercyan Free Forest Sample/Prefabs/High Quality/Sign/forestpack_roadSign_westEast_1.prefab","Prefab",20,"high-quality"
"Ground_Path_01","[--- 01_ENVIRONMENT ---]/Ground_Path_01","Cube","environment","Mat_Jungle_Ground",1,"Assets/Supercyan Free Forest Sample/Prefabs/High Quality/Foliage/Grass/forestpack_foliage_grassPatch_small_1.prefab","Prefab",20,"high-quality"
"Ground_Path_01","[--- 01_ENVIRONMENT ---]/Ground_Path_01","Cube","environment","Mat_Jungle_Ground",2,"Assets/Supercyan Free Forest Sample/Prefabs/High Quality/Foliage/Grass/forestpack_foliage_grassPatch_small_2.prefab","Prefab",20,"high-quality"
"Ground_Path_01","[--- 01_ENVIRONMENT ---]/Ground_Path_01","Cube","environment","Mat_Jungle_Ground",3,"Assets/Supercyan Free Forest Sample/Prefabs/High Quality/Foliage/Mushroom/forestpack_foliage_mushroom_blue_big.prefab","Prefab",20,"high-quality"
"Ground_Path_01","[--- 01_ENVIRONMENT ---]/Ground_Path_01","Cube","environment","Mat_Jungle_Ground",4,"Assets/Supercyan Free Forest Sample/Prefabs/High Quality/Foliage/Mushroom/forestpack_foliage_mushroom_red_small.prefab","Prefab",20,"high-quality"
"Ground_Path_01","[--- 01_ENVIRONMENT ---]/Ground_Path_01","Cube","environment","Mat_Jungle_Ground",5,"Assets/Supercyan Free Forest Sample/Prefabs/High Quality/Sign/forestpack_roadSign_westEast_1.prefab","Prefab",20,"high-quality"
"Ground_Puzzle_Courtyard","[--- 01_ENVIRONMENT ---]/Ground_Puzzle_Courtyard","Cube","environment","Mat_Jungle_Ground",1,"Assets/Supercyan Free Forest Sample/Prefabs/High Quality/Foliage/Grass/forestpack_foliage_grassPatch_small_1.prefab","Prefab",20,"high-quality"
"Ground_Puzzle_Courtyard","[--- 01_ENVIRONMENT ---]/Ground_Puzzle_Courtyard","Cube","environment","Mat_Jungle_Ground",2,"Assets/Supercyan Free Forest Sample/Prefabs/High Quality/Foliage/Grass/forestpack_foliage_grassPatch_small_2.prefab","Prefab",20,"high-quality"
"Ground_Puzzle_Courtyard","[--- 01_ENVIRONMENT ---]/Ground_Puzzle_Courtyard","Cube","environment","Mat_Jungle_Ground",3,"Assets/Supercyan Free Forest Sample/Prefabs/High Quality/Foliage/Mushroom/forestpack_foliage_mushroom_blue_big.prefab","Prefab",20,"high-quality"
"Ground_Puzzle_Courtyard","[--- 01_ENVIRONMENT ---]/Ground_Puzzle_Courtyard","Cube","environment","Mat_Jungle_Ground",4,"Assets/Supercyan Free Forest Sample/Prefabs/High Quality/Foliage/Mushroom/forestpack_foliage_mushroom_red_small.prefab","Prefab",20,"high-quality"
"Ground_Puzzle_Courtyard","[--- 01_ENVIRONMENT ---]/Ground_Puzzle_Courtyard","Cube","environment","Mat_Jungle_Ground",5,"Assets/Supercyan Free Forest Sample/Prefabs/High Quality/Sign/forestpack_roadSign_westEast_1.prefab","Prefab",20,"high-quality"
"Ground_Start_Zone","[--- 01_ENVIRONMENT ---]/Ground_Start_Zone","Cube","environment","Mat_Jungle_Ground",1,"Assets/Supercyan Free Forest Sample/Prefabs/High Quality/Foliage/Grass/forestpack_foliage_grassPatch_small_1.prefab","Prefab",20,"high-quality"
"Ground_Start_Zone","[--- 01_ENVIRONMENT ---]/Ground_Start_Zone","Cube","environment","Mat_Jungle_Ground",2,"Assets/Supercyan Free Forest Sample/Prefabs/High Quality/Foliage/Grass/forestpack_foliage_grassPatch_small_2.prefab","Prefab",20,"high-quality"
"Ground_Start_Zone","[--- 01_ENVIRONMENT ---]/Ground_Start_Zone","Cube","environment","Mat_Jungle_Ground",3,"Assets/Supercyan Free Forest Sample/Prefabs/High Quality/Foliage/Mushroom/forestpack_foliage_mushroom_blue_big.prefab","Prefab",20,"high-quality"
"Ground_Start_Zone","[--- 01_ENVIRONMENT ---]/Ground_Start_Zone","Cube","environment","Mat_Jungle_Ground",4,"Assets/Supercyan Free Forest Sample/Prefabs/High Quality/Foliage/Mushroom/forestpack_foliage_mushroom_red_small.prefab","Prefab",20,"high-quality"
"Ground_Start_Zone","[--- 01_ENVIRONMENT ---]/Ground_Start_Zone","Cube","environment","Mat_Jungle_Ground",5,"Assets/Supercyan Free Forest Sample/Prefabs/High Quality/Sign/forestpack_roadSign_westEast_1.prefab","Prefab",20,"high-quality"
"Cap","[--- 01_ENVIRONMENT ---]/Plant_GlowingMushroom/Cap","Sphere","foliage","Mat_DivineCyan",1,"Assets/Supercyan Free Forest Sample/Prefabs/High Quality/Foliage/Mushroom/forestpack_foliage_mushroom_blue_big.prefab","Prefab",75,"semantic:mushroom; foliage-category; high-quality"
"Cap","[--- 01_ENVIRONMENT ---]/Plant_GlowingMushroom/Cap","Sphere","foliage","Mat_DivineCyan",2,"Assets/Supercyan Free Forest Sample/Prefabs/High Quality/Foliage/Mushroom/forestpack_foliage_mushroom_red_small.prefab","Prefab",75,"semantic:mushroom; foliage-category; high-quality"
"Cap","[--- 01_ENVIRONMENT ---]/Plant_GlowingMushroom/Cap","Sphere","foliage","Mat_DivineCyan",3,"Assets/Art/Environment/Plants/Plant_GlowingMushroom.prefab","Prefab",65,"semantic:mushroom; foliage-category; project-art"
"Cap","[--- 01_ENVIRONMENT ---]/Plant_GlowingMushroom/Cap","Sphere","foliage","Mat_DivineCyan",4,"Assets/Supercyan Free Forest Sample/Models/Foliage/Mushroom/forestpack_foliage_mushroom_blue_big.FBX","Model",55,"semantic:mushroom; foliage-category"
"Cap","[--- 01_ENVIRONMENT ---]/Plant_GlowingMushroom/Cap","Sphere","foliage","Mat_DivineCyan",5,"Assets/Supercyan Free Forest Sample/Models/Foliage/Mushroom/forestpack_foliage_mushroom_red_small.FBX","Model",55,"semantic:mushroom; foliage-category"
"Stem","[--- 01_ENVIRONMENT ---]/Plant_GlowingMushroom/Stem","Cylinder","foliage","Mat_JungleWood",1,"Assets/Supercyan Free Forest Sample/Prefabs/High Quality/Foliage/Mushroom/forestpack_foliage_mushroom_blue_big.prefab","Prefab",75,"semantic:mushroom; foliage-category; high-quality"
"Stem","[--- 01_ENVIRONMENT ---]/Plant_GlowingMushroom/Stem","Cylinder","foliage","Mat_JungleWood",2,"Assets/Supercyan Free Forest Sample/Prefabs/High Quality/Foliage/Mushroom/forestpack_foliage_mushroom_red_small.prefab","Prefab",75,"semantic:mushroom; foliage-category; high-quality"
"Stem","[--- 01_ENVIRONMENT ---]/Plant_GlowingMushroom/Stem","Cylinder","foliage","Mat_JungleWood",3,"Assets/Art/Environment/Plants/Plant_GlowingMushroom.prefab","Prefab",65,"semantic:mushroom; foliage-category; project-art"
"Stem","[--- 01_ENVIRONMENT ---]/Plant_GlowingMushroom/Stem","Cylinder","foliage","Mat_JungleWood",4,"Assets/Supercyan Free Forest Sample/Models/Foliage/Mushroom/forestpack_foliage_mushroom_blue_big.FBX","Model",55,"semantic:mushroom; foliage-category"
"Stem","[--- 01_ENVIRONMENT ---]/Plant_GlowingMushroom/Stem","Cylinder","foliage","Mat_JungleWood",5,"Assets/Supercyan Free Forest Sample/Models/Foliage/Mushroom/forestpack_foliage_mushroom_red_small.FBX","Model",55,"semantic:mushroom; foliage-category"
"Petals","[--- 01_ENVIRONMENT ---]/Plant_HibiscusFlower/Petals","Sphere","foliage","Mat_ParrotFeather",1,"Assets/Art/Environment/Plants/Plant_HibiscusFlower.prefab","Prefab",65,"semantic:flower; foliage-category; project-art"
"Petals","[--- 01_ENVIRONMENT ---]/Plant_HibiscusFlower/Petals","Sphere","foliage","Mat_ParrotFeather",2,"Assets/FlipGameDev/Terrain&GrassPack/Prefabs/WaterLily/WaterLily_Flower_Closed.prefab","Prefab",55,"semantic:flower; foliage-category"
"Petals","[--- 01_ENVIRONMENT ---]/Plant_HibiscusFlower/Petals","Sphere","foliage","Mat_ParrotFeather",3,"Assets/FlipGameDev/Terrain&GrassPack/Prefabs/WaterLily/WaterLily_Flower_Opened.prefab","Prefab",55,"semantic:flower; foliage-category"
"Petals","[--- 01_ENVIRONMENT ---]/Plant_HibiscusFlower/Petals","Sphere","foliage","Mat_ParrotFeather",4,"Assets/Supercyan Free Forest Sample/Prefabs/High Quality/Foliage/Grass/forestpack_foliage_grassPatch_small_1.prefab","Prefab",50,"foliage-category; high-quality"
"Petals","[--- 01_ENVIRONMENT ---]/Plant_HibiscusFlower/Petals","Sphere","foliage","Mat_ParrotFeather",5,"Assets/Supercyan Free Forest Sample/Prefabs/High Quality/Foliage/Grass/forestpack_foliage_grassPatch_small_2.prefab","Prefab",50,"foliage-category; high-quality"
"Stem","[--- 01_ENVIRONMENT ---]/Plant_HibiscusFlower/Stem","Cylinder","foliage","Mat_JungleLeaves",1,"Assets/Art/Environment/Plants/Plant_HibiscusFlower.prefab","Prefab",65,"semantic:flower; foliage-category; project-art"
"Stem","[--- 01_ENVIRONMENT ---]/Plant_HibiscusFlower/Stem","Cylinder","foliage","Mat_JungleLeaves",2,"Assets/FlipGameDev/Terrain&GrassPack/Prefabs/WaterLily/WaterLily_Flower_Closed.prefab","Prefab",55,"semantic:flower; foliage-category"
"Stem","[--- 01_ENVIRONMENT ---]/Plant_HibiscusFlower/Stem","Cylinder","foliage","Mat_JungleLeaves",3,"Assets/FlipGameDev/Terrain&GrassPack/Prefabs/WaterLily/WaterLily_Flower_Opened.prefab","Prefab",55,"semantic:flower; foliage-category"
"Stem","[--- 01_ENVIRONMENT ---]/Plant_HibiscusFlower/Stem","Cylinder","foliage","Mat_JungleLeaves",4,"Assets/Supercyan Free Forest Sample/Prefabs/High Quality/Foliage/Grass/forestpack_foliage_grassPatch_small_1.prefab","Prefab",50,"foliage-category; high-quality"
"Stem","[--- 01_ENVIRONMENT ---]/Plant_HibiscusFlower/Stem","Cylinder","foliage","Mat_JungleLeaves",5,"Assets/Supercyan Free Forest Sample/Prefabs/High Quality/Foliage/Grass/forestpack_foliage_grassPatch_small_2.prefab","Prefab",50,"foliage-category; high-quality"
"Leaf_0","[--- 01_ENVIRONMENT ---]/Plant_JungleFern/Leaf_0","Cube","foliage","Mat_JungleLeaves",1,"Assets/Art/Environment/Plants/Plant_JungleFern.prefab","Prefab",65,"semantic:fern; foliage-category; project-art"
"Leaf_0","[--- 01_ENVIRONMENT ---]/Plant_JungleFern/Leaf_0","Cube","foliage","Mat_JungleLeaves",2,"Assets/TerrainSampleAssets/Prefabs/Fern_A.prefab","Prefab",55,"semantic:fern; foliage-category"
"Leaf_0","[--- 01_ENVIRONMENT ---]/Plant_JungleFern/Leaf_0","Cube","foliage","Mat_JungleLeaves",3,"Assets/TerrainSampleAssets/Prefabs/Fern_B.prefab","Prefab",55,"semantic:fern; foliage-category"
"Leaf_0","[--- 01_ENVIRONMENT ---]/Plant_JungleFern/Leaf_0","Cube","foliage","Mat_JungleLeaves",4,"Assets/TerrainSampleAssets/Prefabs/Fern_C.prefab","Prefab",55,"semantic:fern; foliage-category"
"Leaf_0","[--- 01_ENVIRONMENT ---]/Plant_JungleFern/Leaf_0","Cube","foliage","Mat_JungleLeaves",5,"Assets/Supercyan Free Forest Sample/Prefabs/High Quality/Foliage/Grass/forestpack_foliage_grassPatch_small_1.prefab","Prefab",50,"foliage-category; high-quality"
"Leaf_1","[--- 01_ENVIRONMENT ---]/Plant_JungleFern/Leaf_1","Cube","foliage","Mat_JungleLeaves",1,"Assets/Art/Environment/Plants/Plant_JungleFern.prefab","Prefab",65,"semantic:fern; foliage-category; project-art"
"Leaf_1","[--- 01_ENVIRONMENT ---]/Plant_JungleFern/Leaf_1","Cube","foliage","Mat_JungleLeaves",2,"Assets/TerrainSampleAssets/Prefabs/Fern_A.prefab","Prefab",55,"semantic:fern; foliage-category"
"Leaf_1","[--- 01_ENVIRONMENT ---]/Plant_JungleFern/Leaf_1","Cube","foliage","Mat_JungleLeaves",3,"Assets/TerrainSampleAssets/Prefabs/Fern_B.prefab","Prefab",55,"semantic:fern; foliage-category"
"Leaf_1","[--- 01_ENVIRONMENT ---]/Plant_JungleFern/Leaf_1","Cube","foliage","Mat_JungleLeaves",4,"Assets/TerrainSampleAssets/Prefabs/Fern_C.prefab","Prefab",55,"semantic:fern; foliage-category"
"Leaf_1","[--- 01_ENVIRONMENT ---]/Plant_JungleFern/Leaf_1","Cube","foliage","Mat_JungleLeaves",5,"Assets/Supercyan Free Forest Sample/Prefabs/High Quality/Foliage/Grass/forestpack_foliage_grassPatch_small_1.prefab","Prefab",50,"foliage-category; high-quality"
"Leaf_2","[--- 01_ENVIRONMENT ---]/Plant_JungleFern/Leaf_2","Cube","foliage","Mat_JungleLeaves",1,"Assets/Art/Environment/Plants/Plant_JungleFern.prefab","Prefab",65,"semantic:fern; foliage-category; project-art"
"Leaf_2","[--- 01_ENVIRONMENT ---]/Plant_JungleFern/Leaf_2","Cube","foliage","Mat_JungleLeaves",2,"Assets/TerrainSampleAssets/Prefabs/Fern_A.prefab","Prefab",55,"semantic:fern; foliage-category"
"Leaf_2","[--- 01_ENVIRONMENT ---]/Plant_JungleFern/Leaf_2","Cube","foliage","Mat_JungleLeaves",3,"Assets/TerrainSampleAssets/Prefabs/Fern_B.prefab","Prefab",55,"semantic:fern; foliage-category"
"Leaf_2","[--- 01_ENVIRONMENT ---]/Plant_JungleFern/Leaf_2","Cube","foliage","Mat_JungleLeaves",4,"Assets/TerrainSampleAssets/Prefabs/Fern_C.prefab","Prefab",55,"semantic:fern; foliage-category"
"Leaf_2","[--- 01_ENVIRONMENT ---]/Plant_JungleFern/Leaf_2","Cube","foliage","Mat_JungleLeaves",5,"Assets/Supercyan Free Forest Sample/Prefabs/High Quality/Foliage/Grass/forestpack_foliage_grassPatch_small_1.prefab","Prefab",50,"foliage-category; high-quality"
"Leaf_3","[--- 01_ENVIRONMENT ---]/Plant_JungleFern/Leaf_3","Cube","foliage","Mat_JungleLeaves",1,"Assets/Art/Environment/Plants/Plant_JungleFern.prefab","Prefab",65,"semantic:fern; foliage-category; project-art"
"Leaf_3","[--- 01_ENVIRONMENT ---]/Plant_JungleFern/Leaf_3","Cube","foliage","Mat_JungleLeaves",2,"Assets/TerrainSampleAssets/Prefabs/Fern_A.prefab","Prefab",55,"semantic:fern; foliage-category"
"Leaf_3","[--- 01_ENVIRONMENT ---]/Plant_JungleFern/Leaf_3","Cube","foliage","Mat_JungleLeaves",3,"Assets/TerrainSampleAssets/Prefabs/Fern_B.prefab","Prefab",55,"semantic:fern; foliage-category"
"Leaf_3","[--- 01_ENVIRONMENT ---]/Plant_JungleFern/Leaf_3","Cube","foliage","Mat_JungleLeaves",4,"Assets/TerrainSampleAssets/Prefabs/Fern_C.prefab","Prefab",55,"semantic:fern; foliage-category"
"Leaf_3","[--- 01_ENVIRONMENT ---]/Plant_JungleFern/Leaf_3","Cube","foliage","Mat_JungleLeaves",5,"Assets/Supercyan Free Forest Sample/Prefabs/High Quality/Foliage/Grass/forestpack_foliage_grassPatch_small_1.prefab","Prefab",50,"foliage-category; high-quality"
"Leaf_4","[--- 01_ENVIRONMENT ---]/Plant_JungleFern/Leaf_4","Cube","foliage","Mat_JungleLeaves",1,"Assets/Art/Environment/Plants/Plant_JungleFern.prefab","Prefab",65,"semantic:fern; foliage-category; project-art"
"Leaf_4","[--- 01_ENVIRONMENT ---]/Plant_JungleFern/Leaf_4","Cube","foliage","Mat_JungleLeaves",2,"Assets/TerrainSampleAssets/Prefabs/Fern_A.prefab","Prefab",55,"semantic:fern; foliage-category"
"Leaf_4","[--- 01_ENVIRONMENT ---]/Plant_JungleFern/Leaf_4","Cube","foliage","Mat_JungleLeaves",3,"Assets/TerrainSampleAssets/Prefabs/Fern_B.prefab","Prefab",55,"semantic:fern; foliage-category"
"Leaf_4","[--- 01_ENVIRONMENT ---]/Plant_JungleFern/Leaf_4","Cube","foliage","Mat_JungleLeaves",4,"Assets/TerrainSampleAssets/Prefabs/Fern_C.prefab","Prefab",55,"semantic:fern; foliage-category"
"Leaf_4","[--- 01_ENVIRONMENT ---]/Plant_JungleFern/Leaf_4","Cube","foliage","Mat_JungleLeaves",5,"Assets/Supercyan Free Forest Sample/Prefabs/High Quality/Foliage/Grass/forestpack_foliage_grassPatch_small_1.prefab","Prefab",50,"foliage-category; high-quality"
"Foliage1","[--- 01_ENVIRONMENT ---]/Plant_TropicalBush/Foliage1","Sphere","foliage","Mat_JungleLeaves",1,"Assets/Art/Environment/Plants/Plant_TropicalBush.prefab","Prefab",65,"semantic:bush; foliage-category; project-art"
"Foliage1","[--- 01_ENVIRONMENT ---]/Plant_TropicalBush/Foliage1","Sphere","foliage","Mat_JungleLeaves",2,"Assets/FlipGameDev/Terrain&GrassPack/Art/Meshes/Bush_Mesh.fbx","Model",55,"semantic:bush; foliage-category"
"Foliage1","[--- 01_ENVIRONMENT ---]/Plant_TropicalBush/Foliage1","Sphere","foliage","Mat_JungleLeaves",3,"Assets/FlipGameDev/Terrain&GrassPack/Prefabs/MeshBillboard/Bush_Mesh.prefab","Prefab",55,"semantic:bush; foliage-category"
"Foliage1","[--- 01_ENVIRONMENT ---]/Plant_TropicalBush/Foliage1","Sphere","foliage","Mat_JungleLeaves",4,"Assets/HD_Jungle_Assets/Jungle/HD_Jungle_Bush_01.prefab","Prefab",55,"semantic:bush; foliage-category"
"Foliage1","[--- 01_ENVIRONMENT ---]/Plant_TropicalBush/Foliage1","Sphere","foliage","Mat_JungleLeaves",5,"Assets/TerrainSampleAssets/Prefabs/Bush_A.prefab","Prefab",55,"semantic:bush; foliage-category"
"Foliage2","[--- 01_ENVIRONMENT ---]/Plant_TropicalBush/Foliage2","Sphere","foliage","Mat_JungleLeaves",1,"Assets/Art/Environment/Plants/Plant_TropicalBush.prefab","Prefab",65,"semantic:bush; foliage-category; project-art"
"Foliage2","[--- 01_ENVIRONMENT ---]/Plant_TropicalBush/Foliage2","Sphere","foliage","Mat_JungleLeaves",2,"Assets/FlipGameDev/Terrain&GrassPack/Art/Meshes/Bush_Mesh.fbx","Model",55,"semantic:bush; foliage-category"
"Foliage2","[--- 01_ENVIRONMENT ---]/Plant_TropicalBush/Foliage2","Sphere","foliage","Mat_JungleLeaves",3,"Assets/FlipGameDev/Terrain&GrassPack/Prefabs/MeshBillboard/Bush_Mesh.prefab","Prefab",55,"semantic:bush; foliage-category"
"Foliage2","[--- 01_ENVIRONMENT ---]/Plant_TropicalBush/Foliage2","Sphere","foliage","Mat_JungleLeaves",4,"Assets/HD_Jungle_Assets/Jungle/HD_Jungle_Bush_01.prefab","Prefab",55,"semantic:bush; foliage-category"
"Foliage2","[--- 01_ENVIRONMENT ---]/Plant_TropicalBush/Foliage2","Sphere","foliage","Mat_JungleLeaves",5,"Assets/TerrainSampleAssets/Prefabs/Bush_A.prefab","Prefab",55,"semantic:bush; foliage-category"
"Platform_Jump_01","[--- 01_ENVIRONMENT ---]/Platform_Jump_01","Cube","environment","Mat_Wood_Platform",1,"Assets/Supercyan Free Forest Sample/Prefabs/High Quality/Foliage/Grass/forestpack_foliage_grassPatch_small_1.prefab","Prefab",20,"high-quality"
"Platform_Jump_01","[--- 01_ENVIRONMENT ---]/Platform_Jump_01","Cube","environment","Mat_Wood_Platform",2,"Assets/Supercyan Free Forest Sample/Prefabs/High Quality/Foliage/Grass/forestpack_foliage_grassPatch_small_2.prefab","Prefab",20,"high-quality"
"Platform_Jump_01","[--- 01_ENVIRONMENT ---]/Platform_Jump_01","Cube","environment","Mat_Wood_Platform",3,"Assets/Supercyan Free Forest Sample/Prefabs/High Quality/Foliage/Mushroom/forestpack_foliage_mushroom_blue_big.prefab","Prefab",20,"high-quality"
"Platform_Jump_01","[--- 01_ENVIRONMENT ---]/Platform_Jump_01","Cube","environment","Mat_Wood_Platform",4,"Assets/Supercyan Free Forest Sample/Prefabs/High Quality/Foliage/Mushroom/forestpack_foliage_mushroom_red_small.prefab","Prefab",20,"high-quality"
"Platform_Jump_01","[--- 01_ENVIRONMENT ---]/Platform_Jump_01","Cube","environment","Mat_Wood_Platform",5,"Assets/Supercyan Free Forest Sample/Prefabs/High Quality/Sign/forestpack_roadSign_westEast_1.prefab","Prefab",20,"high-quality"
"Platform_Jump_02","[--- 01_ENVIRONMENT ---]/Platform_Jump_02","Cube","environment","Mat_Wood_Platform",1,"Assets/Supercyan Free Forest Sample/Prefabs/High Quality/Foliage/Grass/forestpack_foliage_grassPatch_small_1.prefab","Prefab",20,"high-quality"
"Platform_Jump_02","[--- 01_ENVIRONMENT ---]/Platform_Jump_02","Cube","environment","Mat_Wood_Platform",2,"Assets/Supercyan Free Forest Sample/Prefabs/High Quality/Foliage/Grass/forestpack_foliage_grassPatch_small_2.prefab","Prefab",20,"high-quality"
"Platform_Jump_02","[--- 01_ENVIRONMENT ---]/Platform_Jump_02","Cube","environment","Mat_Wood_Platform",3,"Assets/Supercyan Free Forest Sample/Prefabs/High Quality/Foliage/Mushroom/forestpack_foliage_mushroom_blue_big.prefab","Prefab",20,"high-quality"
"Platform_Jump_02","[--- 01_ENVIRONMENT ---]/Platform_Jump_02","Cube","environment","Mat_Wood_Platform",4,"Assets/Supercyan Free Forest Sample/Prefabs/High Quality/Foliage/Mushroom/forestpack_foliage_mushroom_red_small.prefab","Prefab",20,"high-quality"
"Platform_Jump_02","[--- 01_ENVIRONMENT ---]/Platform_Jump_02","Cube","environment","Mat_Wood_Platform",5,"Assets/Supercyan Free Forest Sample/Prefabs/High Quality/Sign/forestpack_roadSign_westEast_1.prefab","Prefab",20,"high-quality"
"Platform_Vine_Landing","[--- 01_ENVIRONMENT ---]/Platform_Vine_Landing","Cube","prop","Mat_Jungle_Ground",1,"Assets/Art/Characters/Monkey_DivineGuardian.prefab","Prefab",35,"semantic:vine; project-art"
"Platform_Vine_Landing","[--- 01_ENVIRONMENT ---]/Platform_Vine_Landing","Cube","prop","Mat_Jungle_Ground",2,"Assets/Art/Props/Prop_ClimbableVine.prefab","Prefab",35,"semantic:vine; project-art"
"Platform_Vine_Landing","[--- 01_ENVIRONMENT ---]/Platform_Vine_Landing","Cube","prop","Mat_Jungle_Ground",3,"Assets/Supercyan Free Forest Sample/Prefabs/High Quality/Foliage/Grass/forestpack_foliage_grassPatch_small_1.prefab","Prefab",20,"high-quality"
"Platform_Vine_Landing","[--- 01_ENVIRONMENT ---]/Platform_Vine_Landing","Cube","prop","Mat_Jungle_Ground",4,"Assets/Supercyan Free Forest Sample/Prefabs/High Quality/Foliage/Grass/forestpack_foliage_grassPatch_small_2.prefab","Prefab",20,"high-quality"
"Platform_Vine_Landing","[--- 01_ENVIRONMENT ---]/Platform_Vine_Landing","Cube","prop","Mat_Jungle_Ground",5,"Assets/Supercyan Free Forest Sample/Prefabs/High Quality/Foliage/Mushroom/forestpack_foliage_mushroom_blue_big.prefab","Prefab",20,"high-quality"
"VineStem","[--- 01_ENVIRONMENT ---]/Prop_ClimbableVine/VineStem","Cylinder","prop","Mat_JungleLeaves",1,"Assets/Art/Characters/Monkey_DivineGuardian.prefab","Prefab",35,"semantic:vine; project-art"
"VineStem","[--- 01_ENVIRONMENT ---]/Prop_ClimbableVine/VineStem","Cylinder","prop","Mat_JungleLeaves",2,"Assets/Art/Props/Prop_ClimbableVine.prefab","Prefab",35,"semantic:vine; project-art"
"VineStem","[--- 01_ENVIRONMENT ---]/Prop_ClimbableVine/VineStem","Cylinder","prop","Mat_JungleLeaves",3,"Assets/Supercyan Free Forest Sample/Prefabs/High Quality/Foliage/Grass/forestpack_foliage_grassPatch_small_1.prefab","Prefab",20,"high-quality"
"VineStem","[--- 01_ENVIRONMENT ---]/Prop_ClimbableVine/VineStem","Cylinder","prop","Mat_JungleLeaves",4,"Assets/Supercyan Free Forest Sample/Prefabs/High Quality/Foliage/Grass/forestpack_foliage_grassPatch_small_2.prefab","Prefab",20,"high-quality"
"VineStem","[--- 01_ENVIRONMENT ---]/Prop_ClimbableVine/VineStem","Cylinder","prop","Mat_JungleLeaves",5,"Assets/Supercyan Free Forest Sample/Prefabs/High Quality/Foliage/Mushroom/forestpack_foliage_mushroom_blue_big.prefab","Prefab",20,"high-quality"
"LogCylinder","[--- 01_ENVIRONMENT ---]/Prop_HollowFallenLog/LogCylinder","Cylinder","prop","Mat_JungleWood",1,"Assets/Art/Props/Prop_HollowFallenLog.prefab","Prefab",35,"semantic:log; project-art"
"LogCylinder","[--- 01_ENVIRONMENT ---]/Prop_HollowFallenLog/LogCylinder","Cylinder","prop","Mat_JungleWood",2,"Assets/HD_Jungle_Assets/wood+trunk/HD_Wood_FallenLog_01.prefab","Prefab",25,"semantic:log"
"LogCylinder","[--- 01_ENVIRONMENT ---]/Prop_HollowFallenLog/LogCylinder","Cylinder","prop","Mat_JungleWood",3,"Assets/Supercyan Free Forest Sample/Prefabs/High Quality/Foliage/Grass/forestpack_foliage_grassPatch_small_1.prefab","Prefab",20,"high-quality"
"LogCylinder","[--- 01_ENVIRONMENT ---]/Prop_HollowFallenLog/LogCylinder","Cylinder","prop","Mat_JungleWood",4,"Assets/Supercyan Free Forest Sample/Prefabs/High Quality/Foliage/Grass/forestpack_foliage_grassPatch_small_2.prefab","Prefab",20,"high-quality"
"LogCylinder","[--- 01_ENVIRONMENT ---]/Prop_HollowFallenLog/LogCylinder","Cylinder","prop","Mat_JungleWood",5,"Assets/Supercyan Free Forest Sample/Prefabs/High Quality/Foliage/Mushroom/forestpack_foliage_mushroom_blue_big.prefab","Prefab",20,"high-quality"
"Mesh","[--- 01_ENVIRONMENT ---]/Rock_MossyBoulder/Mesh","Sphere","rock","Mat_MossyRock",1,"Assets/Art/Environment/Rocks/Rock_MossyBoulder.prefab","Prefab",90,"semantic:rock; semantic:boulder; rock-category; project-art"
"Mesh","[--- 01_ENVIRONMENT ---]/Rock_MossyBoulder/Mesh","Sphere","rock","Mat_MossyRock",2,"Assets/Art/Environment/Rocks/Rock_CliffFormation.prefab","Prefab",65,"semantic:rock; rock-category; project-art"
"Mesh","[--- 01_ENVIRONMENT ---]/Rock_MossyBoulder/Mesh","Sphere","rock","Mat_MossyRock",3,"Assets/Art/Environment/Rocks/Rock_FloatingIsland.prefab","Prefab",65,"semantic:rock; rock-category; project-art"
"Mesh","[--- 01_ENVIRONMENT ---]/Rock_MossyBoulder/Mesh","Sphere","rock","Mat_MossyRock",4,"Assets/FlipGameDev/Terrain&GrassPack/Art/Meshes/Rocks/Rock_1.fbx","Model",55,"semantic:rock; rock-category"
"Mesh","[--- 01_ENVIRONMENT ---]/Rock_MossyBoulder/Mesh","Sphere","rock","Mat_MossyRock",5,"Assets/FlipGameDev/Terrain&GrassPack/Art/Meshes/Rocks/Rock_10.fbx","Model",55,"semantic:rock; rock-category"
"Mesh","[--- 01_ENVIRONMENT ---]/Rock_MossyBoulder/Mesh","Sphere","rock","Mat_MossyRock",1,"Assets/Art/Environment/Rocks/Rock_MossyBoulder.prefab","Prefab",90,"semantic:rock; semantic:boulder; rock-category; project-art"
"Mesh","[--- 01_ENVIRONMENT ---]/Rock_MossyBoulder/Mesh","Sphere","rock","Mat_MossyRock",2,"Assets/Art/Environment/Rocks/Rock_CliffFormation.prefab","Prefab",65,"semantic:rock; rock-category; project-art"
"Mesh","[--- 01_ENVIRONMENT ---]/Rock_MossyBoulder/Mesh","Sphere","rock","Mat_MossyRock",3,"Assets/Art/Environment/Rocks/Rock_FloatingIsland.prefab","Prefab",65,"semantic:rock; rock-category; project-art"
"Mesh","[--- 01_ENVIRONMENT ---]/Rock_MossyBoulder/Mesh","Sphere","rock","Mat_MossyRock",4,"Assets/FlipGameDev/Terrain&GrassPack/Art/Meshes/Rocks/Rock_1.fbx","Model",55,"semantic:rock; rock-category"
"Mesh","[--- 01_ENVIRONMENT ---]/Rock_MossyBoulder/Mesh","Sphere","rock","Mat_MossyRock",5,"Assets/FlipGameDev/Terrain&GrassPack/Art/Meshes/Rocks/Rock_10.fbx","Model",55,"semantic:rock; rock-category"
"Frond_0","[--- 01_ENVIRONMENT ---]/Tree_CoconutPalm/Frond_0","Cube","tree","Mat_PalmLeaves",1,"Assets/Art/Environment/HD/Trees/HD_Tree_CoconutPalm_01.prefab","Prefab",90,"semantic:tree; semantic:palm; tree-category; project-art"
"Frond_0","[--- 01_ENVIRONMENT ---]/Tree_CoconutPalm/Frond_0","Cube","tree","Mat_PalmLeaves",2,"Assets/Art/Environment/Trees/Tree_CoconutPalm.prefab","Prefab",90,"semantic:tree; semantic:palm; tree-category; project-art"
"Frond_0","[--- 01_ENVIRONMENT ---]/Tree_CoconutPalm/Frond_0","Cube","tree","Mat_PalmLeaves",3,"Assets/Supercyan Free Forest Sample/Prefabs/High Quality/Tree/Fir/forestpack_tree_fir_tall.prefab","Prefab",75,"semantic:tree; tree-category; high-quality"
"Frond_0","[--- 01_ENVIRONMENT ---]/Tree_CoconutPalm/Frond_0","Cube","tree","Mat_PalmLeaves",4,"Assets/Supercyan Free Forest Sample/Prefabs/High Quality/Tree/Leaf/Normal/forestpack_tree_1_leaf_1.prefab","Prefab",75,"semantic:tree; tree-category; high-quality"
"Frond_0","[--- 01_ENVIRONMENT ---]/Tree_CoconutPalm/Frond_0","Cube","tree","Mat_PalmLeaves",5,"Assets/Supercyan Free Forest Sample/Prefabs/High Quality/Tree/Treestump/forestpack_tree_stump_1.prefab","Prefab",75,"semantic:tree; tree-category; high-quality"
"Frond_0","[--- 01_ENVIRONMENT ---]/Tree_CoconutPalm/Frond_0","Cube","tree","Mat_PalmLeaves",1,"Assets/Art/Environment/HD/Trees/HD_Tree_CoconutPalm_01.prefab","Prefab",90,"semantic:tree; semantic:palm; tree-category; project-art"
"Frond_0","[--- 01_ENVIRONMENT ---]/Tree_CoconutPalm/Frond_0","Cube","tree","Mat_PalmLeaves",2,"Assets/Art/Environment/Trees/Tree_CoconutPalm.prefab","Prefab",90,"semantic:tree; semantic:palm; tree-category; project-art"
"Frond_0","[--- 01_ENVIRONMENT ---]/Tree_CoconutPalm/Frond_0","Cube","tree","Mat_PalmLeaves",3,"Assets/Supercyan Free Forest Sample/Prefabs/High Quality/Tree/Fir/forestpack_tree_fir_tall.prefab","Prefab",75,"semantic:tree; tree-category; high-quality"
"Frond_0","[--- 01_ENVIRONMENT ---]/Tree_CoconutPalm/Frond_0","Cube","tree","Mat_PalmLeaves",4,"Assets/Supercyan Free Forest Sample/Prefabs/High Quality/Tree/Leaf/Normal/forestpack_tree_1_leaf_1.prefab","Prefab",75,"semantic:tree; tree-category; high-quality"
"Frond_0","[--- 01_ENVIRONMENT ---]/Tree_CoconutPalm/Frond_0","Cube","tree","Mat_PalmLeaves",5,"Assets/Supercyan Free Forest Sample/Prefabs/High Quality/Tree/Treestump/forestpack_tree_stump_1.prefab","Prefab",75,"semantic:tree; tree-category; high-quality"
"Frond_0","[--- 01_ENVIRONMENT ---]/Tree_CoconutPalm/Frond_0","Cube","tree","Mat_PalmLeaves",1,"Assets/Art/Environment/HD/Trees/HD_Tree_CoconutPalm_01.prefab","Prefab",90,"semantic:tree; semantic:palm; tree-category; project-art"
"Frond_0","[--- 01_ENVIRONMENT ---]/Tree_CoconutPalm/Frond_0","Cube","tree","Mat_PalmLeaves",2,"Assets/Art/Environment/Trees/Tree_CoconutPalm.prefab","Prefab",90,"semantic:tree; semantic:palm; tree-category; project-art"
"Frond_0","[--- 01_ENVIRONMENT ---]/Tree_CoconutPalm/Frond_0","Cube","tree","Mat_PalmLeaves",3,"Assets/Supercyan Free Forest Sample/Prefabs/High Quality/Tree/Fir/forestpack_tree_fir_tall.prefab","Prefab",75,"semantic:tree; tree-category; high-quality"
"Frond_0","[--- 01_ENVIRONMENT ---]/Tree_CoconutPalm/Frond_0","Cube","tree","Mat_PalmLeaves",4,"Assets/Supercyan Free Forest Sample/Prefabs/High Quality/Tree/Leaf/Normal/forestpack_tree_1_leaf_1.prefab","Prefab",75,"semantic:tree; tree-category; high-quality"
"Frond_0","[--- 01_ENVIRONMENT ---]/Tree_CoconutPalm/Frond_0","Cube","tree","Mat_PalmLeaves",5,"Assets/Supercyan Free Forest Sample/Prefabs/High Quality/Tree/Treestump/forestpack_tree_stump_1.prefab","Prefab",75,"semantic:tree; tree-category; high-quality"
"Frond_1","[--- 01_ENVIRONMENT ---]/Tree_CoconutPalm/Frond_1","Cube","tree","Mat_PalmLeaves",1,"Assets/Art/Environment/HD/Trees/HD_Tree_CoconutPalm_01.prefab","Prefab",90,"semantic:tree; semantic:palm; tree-category; project-art"
"Frond_1","[--- 01_ENVIRONMENT ---]/Tree_CoconutPalm/Frond_1","Cube","tree","Mat_PalmLeaves",2,"Assets/Art/Environment/Trees/Tree_CoconutPalm.prefab","Prefab",90,"semantic:tree; semantic:palm; tree-category; project-art"
"Frond_1","[--- 01_ENVIRONMENT ---]/Tree_CoconutPalm/Frond_1","Cube","tree","Mat_PalmLeaves",3,"Assets/Supercyan Free Forest Sample/Prefabs/High Quality/Tree/Fir/forestpack_tree_fir_tall.prefab","Prefab",75,"semantic:tree; tree-category; high-quality"
"Frond_1","[--- 01_ENVIRONMENT ---]/Tree_CoconutPalm/Frond_1","Cube","tree","Mat_PalmLeaves",4,"Assets/Supercyan Free Forest Sample/Prefabs/High Quality/Tree/Leaf/Normal/forestpack_tree_1_leaf_1.prefab","Prefab",75,"semantic:tree; tree-category; high-quality"
"Frond_1","[--- 01_ENVIRONMENT ---]/Tree_CoconutPalm/Frond_1","Cube","tree","Mat_PalmLeaves",5,"Assets/Supercyan Free Forest Sample/Prefabs/High Quality/Tree/Treestump/forestpack_tree_stump_1.prefab","Prefab",75,"semantic:tree; tree-category; high-quality"
"Frond_1","[--- 01_ENVIRONMENT ---]/Tree_CoconutPalm/Frond_1","Cube","tree","Mat_PalmLeaves",1,"Assets/Art/Environment/HD/Trees/HD_Tree_CoconutPalm_01.prefab","Prefab",90,"semantic:tree; semantic:palm; tree-category; project-art"
"Frond_1","[--- 01_ENVIRONMENT ---]/Tree_CoconutPalm/Frond_1","Cube","tree","Mat_PalmLeaves",2,"Assets/Art/Environment/Trees/Tree_CoconutPalm.prefab","Prefab",90,"semantic:tree; semantic:palm; tree-category; project-art"
"Frond_1","[--- 01_ENVIRONMENT ---]/Tree_CoconutPalm/Frond_1","Cube","tree","Mat_PalmLeaves",3,"Assets/Supercyan Free Forest Sample/Prefabs/High Quality/Tree/Fir/forestpack_tree_fir_tall.prefab","Prefab",75,"semantic:tree; tree-category; high-quality"
"Frond_1","[--- 01_ENVIRONMENT ---]/Tree_CoconutPalm/Frond_1","Cube","tree","Mat_PalmLeaves",4,"Assets/Supercyan Free Forest Sample/Prefabs/High Quality/Tree/Leaf/Normal/forestpack_tree_1_leaf_1.prefab","Prefab",75,"semantic:tree; tree-category; high-quality"
"Frond_1","[--- 01_ENVIRONMENT ---]/Tree_CoconutPalm/Frond_1","Cube","tree","Mat_PalmLeaves",5,"Assets/Supercyan Free Forest Sample/Prefabs/High Quality/Tree/Treestump/forestpack_tree_stump_1.prefab","Prefab",75,"semantic:tree; tree-category; high-quality"
"Frond_1","[--- 01_ENVIRONMENT ---]/Tree_CoconutPalm/Frond_1","Cube","tree","Mat_PalmLeaves",1,"Assets/Art/Environment/HD/Trees/HD_Tree_CoconutPalm_01.prefab","Prefab",90,"semantic:tree; semantic:palm; tree-category; project-art"
"Frond_1","[--- 01_ENVIRONMENT ---]/Tree_CoconutPalm/Frond_1","Cube","tree","Mat_PalmLeaves",2,"Assets/Art/Environment/Trees/Tree_CoconutPalm.prefab","Prefab",90,"semantic:tree; semantic:palm; tree-category; project-art"
"Frond_1","[--- 01_ENVIRONMENT ---]/Tree_CoconutPalm/Frond_1","Cube","tree","Mat_PalmLeaves",3,"Assets/Supercyan Free Forest Sample/Prefabs/High Quality/Tree/Fir/forestpack_tree_fir_tall.prefab","Prefab",75,"semantic:tree; tree-category; high-quality"
"Frond_1","[--- 01_ENVIRONMENT ---]/Tree_CoconutPalm/Frond_1","Cube","tree","Mat_PalmLeaves",4,"Assets/Supercyan Free Forest Sample/Prefabs/High Quality/Tree/Leaf/Normal/forestpack_tree_1_leaf_1.prefab","Prefab",75,"semantic:tree; tree-category; high-quality"
"Frond_1","[--- 01_ENVIRONMENT ---]/Tree_CoconutPalm/Frond_1","Cube","tree","Mat_PalmLeaves",5,"Assets/Supercyan Free Forest Sample/Prefabs/High Quality/Tree/Treestump/forestpack_tree_stump_1.prefab","Prefab",75,"semantic:tree; tree-category; high-quality"
"Frond_2","[--- 01_ENVIRONMENT ---]/Tree_CoconutPalm/Frond_2","Cube","tree","Mat_PalmLeaves",1,"Assets/Art/Environment/HD/Trees/HD_Tree_CoconutPalm_01.prefab","Prefab",90,"semantic:tree; semantic:palm; tree-category; project-art"
"Frond_2","[--- 01_ENVIRONMENT ---]/Tree_CoconutPalm/Frond_2","Cube","tree","Mat_PalmLeaves",2,"Assets/Art/Environment/Trees/Tree_CoconutPalm.prefab","Prefab",90,"semantic:tree; semantic:palm; tree-category; project-art"
"Frond_2","[--- 01_ENVIRONMENT ---]/Tree_CoconutPalm/Frond_2","Cube","tree","Mat_PalmLeaves",3,"Assets/Supercyan Free Forest Sample/Prefabs/High Quality/Tree/Fir/forestpack_tree_fir_tall.prefab","Prefab",75,"semantic:tree; tree-category; high-quality"
"Frond_2","[--- 01_ENVIRONMENT ---]/Tree_CoconutPalm/Frond_2","Cube","tree","Mat_PalmLeaves",4,"Assets/Supercyan Free Forest Sample/Prefabs/High Quality/Tree/Leaf/Normal/forestpack_tree_1_leaf_1.prefab","Prefab",75,"semantic:tree; tree-category; high-quality"
"Frond_2","[--- 01_ENVIRONMENT ---]/Tree_CoconutPalm/Frond_2","Cube","tree","Mat_PalmLeaves",5,"Assets/Supercyan Free Forest Sample/Prefabs/High Quality/Tree/Treestump/forestpack_tree_stump_1.prefab","Prefab",75,"semantic:tree; tree-category; high-quality"
"Frond_2","[--- 01_ENVIRONMENT ---]/Tree_CoconutPalm/Frond_2","Cube","tree","Mat_PalmLeaves",1,"Assets/Art/Environment/HD/Trees/HD_Tree_CoconutPalm_01.prefab","Prefab",90,"semantic:tree; semantic:palm; tree-category; project-art"
"Frond_2","[--- 01_ENVIRONMENT ---]/Tree_CoconutPalm/Frond_2","Cube","tree","Mat_PalmLeaves",2,"Assets/Art/Environment/Trees/Tree_CoconutPalm.prefab","Prefab",90,"semantic:tree; semantic:palm; tree-category; project-art"
"Frond_2","[--- 01_ENVIRONMENT ---]/Tree_CoconutPalm/Frond_2","Cube","tree","Mat_PalmLeaves",3,"Assets/Supercyan Free Forest Sample/Prefabs/High Quality/Tree/Fir/forestpack_tree_fir_tall.prefab","Prefab",75,"semantic:tree; tree-category; high-quality"
"Frond_2","[--- 01_ENVIRONMENT ---]/Tree_CoconutPalm/Frond_2","Cube","tree","Mat_PalmLeaves",4,"Assets/Supercyan Free Forest Sample/Prefabs/High Quality/Tree/Leaf/Normal/forestpack_tree_1_leaf_1.prefab","Prefab",75,"semantic:tree; tree-category; high-quality"
"Frond_2","[--- 01_ENVIRONMENT ---]/Tree_CoconutPalm/Frond_2","Cube","tree","Mat_PalmLeaves",5,"Assets/Supercyan Free Forest Sample/Prefabs/High Quality/Tree/Treestump/forestpack_tree_stump_1.prefab","Prefab",75,"semantic:tree; tree-category; high-quality"
"Frond_2","[--- 01_ENVIRONMENT ---]/Tree_CoconutPalm/Frond_2","Cube","tree","Mat_PalmLeaves",1,"Assets/Art/Environment/HD/Trees/HD_Tree_CoconutPalm_01.prefab","Prefab",90,"semantic:tree; semantic:palm; tree-category; project-art"
"Frond_2","[--- 01_ENVIRONMENT ---]/Tree_CoconutPalm/Frond_2","Cube","tree","Mat_PalmLeaves",2,"Assets/Art/Environment/Trees/Tree_CoconutPalm.prefab","Prefab",90,"semantic:tree; semantic:palm; tree-category; project-art"
"Frond_2","[--- 01_ENVIRONMENT ---]/Tree_CoconutPalm/Frond_2","Cube","tree","Mat_PalmLeaves",3,"Assets/Supercyan Free Forest Sample/Prefabs/High Quality/Tree/Fir/forestpack_tree_fir_tall.prefab","Prefab",75,"semantic:tree; tree-category; high-quality"
"Frond_2","[--- 01_ENVIRONMENT ---]/Tree_CoconutPalm/Frond_2","Cube","tree","Mat_PalmLeaves",4,"Assets/Supercyan Free Forest Sample/Prefabs/High Quality/Tree/Leaf/Normal/forestpack_tree_1_leaf_1.prefab","Prefab",75,"semantic:tree; tree-category; high-quality"
"Frond_2","[--- 01_ENVIRONMENT ---]/Tree_CoconutPalm/Frond_2","Cube","tree","Mat_PalmLeaves",5,"Assets/Supercyan Free Forest Sample/Prefabs/High Quality/Tree/Treestump/forestpack_tree_stump_1.prefab","Prefab",75,"semantic:tree; tree-category; high-quality"
"Frond_3","[--- 01_ENVIRONMENT ---]/Tree_CoconutPalm/Frond_3","Cube","tree","Mat_PalmLeaves",1,"Assets/Art/Environment/HD/Trees/HD_Tree_CoconutPalm_01.prefab","Prefab",90,"semantic:tree; semantic:palm; tree-category; project-art"
"Frond_3","[--- 01_ENVIRONMENT ---]/Tree_CoconutPalm/Frond_3","Cube","tree","Mat_PalmLeaves",2,"Assets/Art/Environment/Trees/Tree_CoconutPalm.prefab","Prefab",90,"semantic:tree; semantic:palm; tree-category; project-art"
"Frond_3","[--- 01_ENVIRONMENT ---]/Tree_CoconutPalm/Frond_3","Cube","tree","Mat_PalmLeaves",3,"Assets/Supercyan Free Forest Sample/Prefabs/High Quality/Tree/Fir/forestpack_tree_fir_tall.prefab","Prefab",75,"semantic:tree; tree-category; high-quality"
"Frond_3","[--- 01_ENVIRONMENT ---]/Tree_CoconutPalm/Frond_3","Cube","tree","Mat_PalmLeaves",4,"Assets/Supercyan Free Forest Sample/Prefabs/High Quality/Tree/Leaf/Normal/forestpack_tree_1_leaf_1.prefab","Prefab",75,"semantic:tree; tree-category; high-quality"
"Frond_3","[--- 01_ENVIRONMENT ---]/Tree_CoconutPalm/Frond_3","Cube","tree","Mat_PalmLeaves",5,"Assets/Supercyan Free Forest Sample/Prefabs/High Quality/Tree/Treestump/forestpack_tree_stump_1.prefab","Prefab",75,"semantic:tree; tree-category; high-quality"
"Frond_3","[--- 01_ENVIRONMENT ---]/Tree_CoconutPalm/Frond_3","Cube","tree","Mat_PalmLeaves",1,"Assets/Art/Environment/HD/Trees/HD_Tree_CoconutPalm_01.prefab","Prefab",90,"semantic:tree; semantic:palm; tree-category; project-art"
"Frond_3","[--- 01_ENVIRONMENT ---]/Tree_CoconutPalm/Frond_3","Cube","tree","Mat_PalmLeaves",2,"Assets/Art/Environment/Trees/Tree_CoconutPalm.prefab","Prefab",90,"semantic:tree; semantic:palm; tree-category; project-art"
"Frond_3","[--- 01_ENVIRONMENT ---]/Tree_CoconutPalm/Frond_3","Cube","tree","Mat_PalmLeaves",3,"Assets/Supercyan Free Forest Sample/Prefabs/High Quality/Tree/Fir/forestpack_tree_fir_tall.prefab","Prefab",75,"semantic:tree; tree-category; high-quality"
"Frond_3","[--- 01_ENVIRONMENT ---]/Tree_CoconutPalm/Frond_3","Cube","tree","Mat_PalmLeaves",4,"Assets/Supercyan Free Forest Sample/Prefabs/High Quality/Tree/Leaf/Normal/forestpack_tree_1_leaf_1.prefab","Prefab",75,"semantic:tree; tree-category; high-quality"
"Frond_3","[--- 01_ENVIRONMENT ---]/Tree_CoconutPalm/Frond_3","Cube","tree","Mat_PalmLeaves",5,"Assets/Supercyan Free Forest Sample/Prefabs/High Quality/Tree/Treestump/forestpack_tree_stump_1.prefab","Prefab",75,"semantic:tree; tree-category; high-quality"
"Frond_3","[--- 01_ENVIRONMENT ---]/Tree_CoconutPalm/Frond_3","Cube","tree","Mat_PalmLeaves",1,"Assets/Art/Environment/HD/Trees/HD_Tree_CoconutPalm_01.prefab","Prefab",90,"semantic:tree; semantic:palm; tree-category; project-art"
"Frond_3","[--- 01_ENVIRONMENT ---]/Tree_CoconutPalm/Frond_3","Cube","tree","Mat_PalmLeaves",2,"Assets/Art/Environment/Trees/Tree_CoconutPalm.prefab","Prefab",90,"semantic:tree; semantic:palm; tree-category; project-art"
"Frond_3","[--- 01_ENVIRONMENT ---]/Tree_CoconutPalm/Frond_3","Cube","tree","Mat_PalmLeaves",3,"Assets/Supercyan Free Forest Sample/Prefabs/High Quality/Tree/Fir/forestpack_tree_fir_tall.prefab","Prefab",75,"semantic:tree; tree-category; high-quality"
"Frond_3","[--- 01_ENVIRONMENT ---]/Tree_CoconutPalm/Frond_3","Cube","tree","Mat_PalmLeaves",4,"Assets/Supercyan Free Forest Sample/Prefabs/High Quality/Tree/Leaf/Normal/forestpack_tree_1_leaf_1.prefab","Prefab",75,"semantic:tree; tree-category; high-quality"
"Frond_3","[--- 01_ENVIRONMENT ---]/Tree_CoconutPalm/Frond_3","Cube","tree","Mat_PalmLeaves",5,"Assets/Supercyan Free Forest Sample/Prefabs/High Quality/Tree/Treestump/forestpack_tree_stump_1.prefab","Prefab",75,"semantic:tree; tree-category; high-quality"
"Frond_4","[--- 01_ENVIRONMENT ---]/Tree_CoconutPalm/Frond_4","Cube","tree","Mat_PalmLeaves",1,"Assets/Art/Environment/HD/Trees/HD_Tree_CoconutPalm_01.prefab","Prefab",90,"semantic:tree; semantic:palm; tree-category; project-art"
"Frond_4","[--- 01_ENVIRONMENT ---]/Tree_CoconutPalm/Frond_4","Cube","tree","Mat_PalmLeaves",2,"Assets/Art/Environment/Trees/Tree_CoconutPalm.prefab","Prefab",90,"semantic:tree; semantic:palm; tree-category; project-art"
"Frond_4","[--- 01_ENVIRONMENT ---]/Tree_CoconutPalm/Frond_4","Cube","tree","Mat_PalmLeaves",3,"Assets/Supercyan Free Forest Sample/Prefabs/High Quality/Tree/Fir/forestpack_tree_fir_tall.prefab","Prefab",75,"semantic:tree; tree-category; high-quality"
"Frond_4","[--- 01_ENVIRONMENT ---]/Tree_CoconutPalm/Frond_4","Cube","tree","Mat_PalmLeaves",4,"Assets/Supercyan Free Forest Sample/Prefabs/High Quality/Tree/Leaf/Normal/forestpack_tree_1_leaf_1.prefab","Prefab",75,"semantic:tree; tree-category; high-quality"
"Frond_4","[--- 01_ENVIRONMENT ---]/Tree_CoconutPalm/Frond_4","Cube","tree","Mat_PalmLeaves",5,"Assets/Supercyan Free Forest Sample/Prefabs/High Quality/Tree/Treestump/forestpack_tree_stump_1.prefab","Prefab",75,"semantic:tree; tree-category; high-quality"
"Frond_4","[--- 01_ENVIRONMENT ---]/Tree_CoconutPalm/Frond_4","Cube","tree","Mat_PalmLeaves",1,"Assets/Art/Environment/HD/Trees/HD_Tree_CoconutPalm_01.prefab","Prefab",90,"semantic:tree; semantic:palm; tree-category; project-art"
"Frond_4","[--- 01_ENVIRONMENT ---]/Tree_CoconutPalm/Frond_4","Cube","tree","Mat_PalmLeaves",2,"Assets/Art/Environment/Trees/Tree_CoconutPalm.prefab","Prefab",90,"semantic:tree; semantic:palm; tree-category; project-art"
"Frond_4","[--- 01_ENVIRONMENT ---]/Tree_CoconutPalm/Frond_4","Cube","tree","Mat_PalmLeaves",3,"Assets/Supercyan Free Forest Sample/Prefabs/High Quality/Tree/Fir/forestpack_tree_fir_tall.prefab","Prefab",75,"semantic:tree; tree-category; high-quality"
"Frond_4","[--- 01_ENVIRONMENT ---]/Tree_CoconutPalm/Frond_4","Cube","tree","Mat_PalmLeaves",4,"Assets/Supercyan Free Forest Sample/Prefabs/High Quality/Tree/Leaf/Normal/forestpack_tree_1_leaf_1.prefab","Prefab",75,"semantic:tree; tree-category; high-quality"
"Frond_4","[--- 01_ENVIRONMENT ---]/Tree_CoconutPalm/Frond_4","Cube","tree","Mat_PalmLeaves",5,"Assets/Supercyan Free Forest Sample/Prefabs/High Quality/Tree/Treestump/forestpack_tree_stump_1.prefab","Prefab",75,"semantic:tree; tree-category; high-quality"
"Frond_4","[--- 01_ENVIRONMENT ---]/Tree_CoconutPalm/Frond_4","Cube","tree","Mat_PalmLeaves",1,"Assets/Art/Environment/HD/Trees/HD_Tree_CoconutPalm_01.prefab","Prefab",90,"semantic:tree; semantic:palm; tree-category; project-art"
"Frond_4","[--- 01_ENVIRONMENT ---]/Tree_CoconutPalm/Frond_4","Cube","tree","Mat_PalmLeaves",2,"Assets/Art/Environment/Trees/Tree_CoconutPalm.prefab","Prefab",90,"semantic:tree; semantic:palm; tree-category; project-art"
"Frond_4","[--- 01_ENVIRONMENT ---]/Tree_CoconutPalm/Frond_4","Cube","tree","Mat_PalmLeaves",3,"Assets/Supercyan Free Forest Sample/Prefabs/High Quality/Tree/Fir/forestpack_tree_fir_tall.prefab","Prefab",75,"semantic:tree; tree-category; high-quality"
"Frond_4","[--- 01_ENVIRONMENT ---]/Tree_CoconutPalm/Frond_4","Cube","tree","Mat_PalmLeaves",4,"Assets/Supercyan Free Forest Sample/Prefabs/High Quality/Tree/Leaf/Normal/forestpack_tree_1_leaf_1.prefab","Prefab",75,"semantic:tree; tree-category; high-quality"
"Frond_4","[--- 01_ENVIRONMENT ---]/Tree_CoconutPalm/Frond_4","Cube","tree","Mat_PalmLeaves",5,"Assets/Supercyan Free Forest Sample/Prefabs/High Quality/Tree/Treestump/forestpack_tree_stump_1.prefab","Prefab",75,"semantic:tree; tree-category; high-quality"
"Frond_5","[--- 01_ENVIRONMENT ---]/Tree_CoconutPalm/Frond_5","Cube","tree","Mat_PalmLeaves",1,"Assets/Art/Environment/HD/Trees/HD_Tree_CoconutPalm_01.prefab","Prefab",90,"semantic:tree; semantic:palm; tree-category; project-art"
"Frond_5","[--- 01_ENVIRONMENT ---]/Tree_CoconutPalm/Frond_5","Cube","tree","Mat_PalmLeaves",2,"Assets/Art/Environment/Trees/Tree_CoconutPalm.prefab","Prefab",90,"semantic:tree; semantic:palm; tree-category; project-art"
"Frond_5","[--- 01_ENVIRONMENT ---]/Tree_CoconutPalm/Frond_5","Cube","tree","Mat_PalmLeaves",3,"Assets/Supercyan Free Forest Sample/Prefabs/High Quality/Tree/Fir/forestpack_tree_fir_tall.prefab","Prefab",75,"semantic:tree; tree-category; high-quality"
"Frond_5","[--- 01_ENVIRONMENT ---]/Tree_CoconutPalm/Frond_5","Cube","tree","Mat_PalmLeaves",4,"Assets/Supercyan Free Forest Sample/Prefabs/High Quality/Tree/Leaf/Normal/forestpack_tree_1_leaf_1.prefab","Prefab",75,"semantic:tree; tree-category; high-quality"
"Frond_5","[--- 01_ENVIRONMENT ---]/Tree_CoconutPalm/Frond_5","Cube","tree","Mat_PalmLeaves",5,"Assets/Supercyan Free Forest Sample/Prefabs/High Quality/Tree/Treestump/forestpack_tree_stump_1.prefab","Prefab",75,"semantic:tree; tree-category; high-quality"
"Frond_5","[--- 01_ENVIRONMENT ---]/Tree_CoconutPalm/Frond_5","Cube","tree","Mat_PalmLeaves",1,"Assets/Art/Environment/HD/Trees/HD_Tree_CoconutPalm_01.prefab","Prefab",90,"semantic:tree; semantic:palm; tree-category; project-art"
"Frond_5","[--- 01_ENVIRONMENT ---]/Tree_CoconutPalm/Frond_5","Cube","tree","Mat_PalmLeaves",2,"Assets/Art/Environment/Trees/Tree_CoconutPalm.prefab","Prefab",90,"semantic:tree; semantic:palm; tree-category; project-art"
"Frond_5","[--- 01_ENVIRONMENT ---]/Tree_CoconutPalm/Frond_5","Cube","tree","Mat_PalmLeaves",3,"Assets/Supercyan Free Forest Sample/Prefabs/High Quality/Tree/Fir/forestpack_tree_fir_tall.prefab","Prefab",75,"semantic:tree; tree-category; high-quality"
"Frond_5","[--- 01_ENVIRONMENT ---]/Tree_CoconutPalm/Frond_5","Cube","tree","Mat_PalmLeaves",4,"Assets/Supercyan Free Forest Sample/Prefabs/High Quality/Tree/Leaf/Normal/forestpack_tree_1_leaf_1.prefab","Prefab",75,"semantic:tree; tree-category; high-quality"
"Frond_5","[--- 01_ENVIRONMENT ---]/Tree_CoconutPalm/Frond_5","Cube","tree","Mat_PalmLeaves",5,"Assets/Supercyan Free Forest Sample/Prefabs/High Quality/Tree/Treestump/forestpack_tree_stump_1.prefab","Prefab",75,"semantic:tree; tree-category; high-quality"
"Frond_5","[--- 01_ENVIRONMENT ---]/Tree_CoconutPalm/Frond_5","Cube","tree","Mat_PalmLeaves",1,"Assets/Art/Environment/HD/Trees/HD_Tree_CoconutPalm_01.prefab","Prefab",90,"semantic:tree; semantic:palm; tree-category; project-art"
"Frond_5","[--- 01_ENVIRONMENT ---]/Tree_CoconutPalm/Frond_5","Cube","tree","Mat_PalmLeaves",2,"Assets/Art/Environment/Trees/Tree_CoconutPalm.prefab","Prefab",90,"semantic:tree; semantic:palm; tree-category; project-art"
"Frond_5","[--- 01_ENVIRONMENT ---]/Tree_CoconutPalm/Frond_5","Cube","tree","Mat_PalmLeaves",3,"Assets/Supercyan Free Forest Sample/Prefabs/High Quality/Tree/Fir/forestpack_tree_fir_tall.prefab","Prefab",75,"semantic:tree; tree-category; high-quality"
"Frond_5","[--- 01_ENVIRONMENT ---]/Tree_CoconutPalm/Frond_5","Cube","tree","Mat_PalmLeaves",4,"Assets/Supercyan Free Forest Sample/Prefabs/High Quality/Tree/Leaf/Normal/forestpack_tree_1_leaf_1.prefab","Prefab",75,"semantic:tree; tree-category; high-quality"
"Frond_5","[--- 01_ENVIRONMENT ---]/Tree_CoconutPalm/Frond_5","Cube","tree","Mat_PalmLeaves",5,"Assets/Supercyan Free Forest Sample/Prefabs/High Quality/Tree/Treestump/forestpack_tree_stump_1.prefab","Prefab",75,"semantic:tree; tree-category; high-quality"
"Trunk","[--- 01_ENVIRONMENT ---]/Tree_CoconutPalm/Trunk","Cylinder","tree","Mat_JungleWood",1,"Assets/Art/Environment/HD/Trees/HD_Tree_CoconutPalm_01.prefab","Prefab",90,"semantic:tree; semantic:palm; tree-category; project-art"
"Trunk","[--- 01_ENVIRONMENT ---]/Tree_CoconutPalm/Trunk","Cylinder","tree","Mat_JungleWood",2,"Assets/Art/Environment/Trees/Tree_CoconutPalm.prefab","Prefab",90,"semantic:tree; semantic:palm; tree-category; project-art"
"Trunk","[--- 01_ENVIRONMENT ---]/Tree_CoconutPalm/Trunk","Cylinder","tree","Mat_JungleWood",3,"Assets/Supercyan Free Forest Sample/Prefabs/High Quality/Tree/Fir/forestpack_tree_fir_tall.prefab","Prefab",75,"semantic:tree; tree-category; high-quality"
"Trunk","[--- 01_ENVIRONMENT ---]/Tree_CoconutPalm/Trunk","Cylinder","tree","Mat_JungleWood",4,"Assets/Supercyan Free Forest Sample/Prefabs/High Quality/Tree/Leaf/Normal/forestpack_tree_1_leaf_1.prefab","Prefab",75,"semantic:tree; tree-category; high-quality"
"Trunk","[--- 01_ENVIRONMENT ---]/Tree_CoconutPalm/Trunk","Cylinder","tree","Mat_JungleWood",5,"Assets/Supercyan Free Forest Sample/Prefabs/High Quality/Tree/Treestump/forestpack_tree_stump_1.prefab","Prefab",75,"semantic:tree; tree-category; high-quality"
"Trunk","[--- 01_ENVIRONMENT ---]/Tree_CoconutPalm/Trunk","Cylinder","tree","Mat_JungleWood",1,"Assets/Art/Environment/HD/Trees/HD_Tree_CoconutPalm_01.prefab","Prefab",90,"semantic:tree; semantic:palm; tree-category; project-art"
"Trunk","[--- 01_ENVIRONMENT ---]/Tree_CoconutPalm/Trunk","Cylinder","tree","Mat_JungleWood",2,"Assets/Art/Environment/Trees/Tree_CoconutPalm.prefab","Prefab",90,"semantic:tree; semantic:palm; tree-category; project-art"
"Trunk","[--- 01_ENVIRONMENT ---]/Tree_CoconutPalm/Trunk","Cylinder","tree","Mat_JungleWood",3,"Assets/Supercyan Free Forest Sample/Prefabs/High Quality/Tree/Fir/forestpack_tree_fir_tall.prefab","Prefab",75,"semantic:tree; tree-category; high-quality"
"Trunk","[--- 01_ENVIRONMENT ---]/Tree_CoconutPalm/Trunk","Cylinder","tree","Mat_JungleWood",4,"Assets/Supercyan Free Forest Sample/Prefabs/High Quality/Tree/Leaf/Normal/forestpack_tree_1_leaf_1.prefab","Prefab",75,"semantic:tree; tree-category; high-quality"
"Trunk","[--- 01_ENVIRONMENT ---]/Tree_CoconutPalm/Trunk","Cylinder","tree","Mat_JungleWood",5,"Assets/Supercyan Free Forest Sample/Prefabs/High Quality/Tree/Treestump/forestpack_tree_stump_1.prefab","Prefab",75,"semantic:tree; tree-category; high-quality"
"Trunk","[--- 01_ENVIRONMENT ---]/Tree_CoconutPalm/Trunk","Cylinder","tree","Mat_JungleWood",1,"Assets/Art/Environment/HD/Trees/HD_Tree_CoconutPalm_01.prefab","Prefab",90,"semantic:tree; semantic:palm; tree-category; project-art"
"Trunk","[--- 01_ENVIRONMENT ---]/Tree_CoconutPalm/Trunk","Cylinder","tree","Mat_JungleWood",2,"Assets/Art/Environment/Trees/Tree_CoconutPalm.prefab","Prefab",90,"semantic:tree; semantic:palm; tree-category; project-art"
"Trunk","[--- 01_ENVIRONMENT ---]/Tree_CoconutPalm/Trunk","Cylinder","tree","Mat_JungleWood",3,"Assets/Supercyan Free Forest Sample/Prefabs/High Quality/Tree/Fir/forestpack_tree_fir_tall.prefab","Prefab",75,"semantic:tree; tree-category; high-quality"
"Trunk","[--- 01_ENVIRONMENT ---]/Tree_CoconutPalm/Trunk","Cylinder","tree","Mat_JungleWood",4,"Assets/Supercyan Free Forest Sample/Prefabs/High Quality/Tree/Leaf/Normal/forestpack_tree_1_leaf_1.prefab","Prefab",75,"semantic:tree; tree-category; high-quality"
"Trunk","[--- 01_ENVIRONMENT ---]/Tree_CoconutPalm/Trunk","Cylinder","tree","Mat_JungleWood",5,"Assets/Supercyan Free Forest Sample/Prefabs/High Quality/Tree/Treestump/forestpack_tree_stump_1.prefab","Prefab",75,"semantic:tree; tree-category; high-quality"
"Foliage_Center","[--- 01_ENVIRONMENT ---]/Tree_JungleCanopy/Foliage_Center","Sphere","tree","Mat_JungleLeaves",1,"Assets/Art/Environment/Trees/Tree_JungleCanopy.prefab","Prefab",90,"semantic:tree; semantic:canopy; tree-category; project-art"
"Foliage_Center","[--- 01_ENVIRONMENT ---]/Tree_JungleCanopy/Foliage_Center","Sphere","tree","Mat_JungleLeaves",2,"Assets/Supercyan Free Forest Sample/Prefabs/High Quality/Tree/Fir/forestpack_tree_fir_tall.prefab","Prefab",75,"semantic:tree; tree-category; high-quality"
"Foliage_Center","[--- 01_ENVIRONMENT ---]/Tree_JungleCanopy/Foliage_Center","Sphere","tree","Mat_JungleLeaves",3,"Assets/Supercyan Free Forest Sample/Prefabs/High Quality/Tree/Leaf/Normal/forestpack_tree_1_leaf_1.prefab","Prefab",75,"semantic:tree; tree-category; high-quality"
"Foliage_Center","[--- 01_ENVIRONMENT ---]/Tree_JungleCanopy/Foliage_Center","Sphere","tree","Mat_JungleLeaves",4,"Assets/Supercyan Free Forest Sample/Prefabs/High Quality/Tree/Treestump/forestpack_tree_stump_1.prefab","Prefab",75,"semantic:tree; tree-category; high-quality"
"Foliage_Center","[--- 01_ENVIRONMENT ---]/Tree_JungleCanopy/Foliage_Center","Sphere","tree","Mat_JungleLeaves",5,"Assets/Art/Environment/HD/Trees/HD_Tree_CoconutPalm_01.prefab","Prefab",65,"semantic:tree; tree-category; project-art"
"Foliage_Center","[--- 01_ENVIRONMENT ---]/Tree_JungleCanopy/Foliage_Center","Sphere","tree","Mat_JungleLeaves",1,"Assets/Art/Environment/Trees/Tree_JungleCanopy.prefab","Prefab",90,"semantic:tree; semantic:canopy; tree-category; project-art"
"Foliage_Center","[--- 01_ENVIRONMENT ---]/Tree_JungleCanopy/Foliage_Center","Sphere","tree","Mat_JungleLeaves",2,"Assets/Supercyan Free Forest Sample/Prefabs/High Quality/Tree/Fir/forestpack_tree_fir_tall.prefab","Prefab",75,"semantic:tree; tree-category; high-quality"
"Foliage_Center","[--- 01_ENVIRONMENT ---]/Tree_JungleCanopy/Foliage_Center","Sphere","tree","Mat_JungleLeaves",3,"Assets/Supercyan Free Forest Sample/Prefabs/High Quality/Tree/Leaf/Normal/forestpack_tree_1_leaf_1.prefab","Prefab",75,"semantic:tree; tree-category; high-quality"
"Foliage_Center","[--- 01_ENVIRONMENT ---]/Tree_JungleCanopy/Foliage_Center","Sphere","tree","Mat_JungleLeaves",4,"Assets/Supercyan Free Forest Sample/Prefabs/High Quality/Tree/Treestump/forestpack_tree_stump_1.prefab","Prefab",75,"semantic:tree; tree-category; high-quality"
"Foliage_Center","[--- 01_ENVIRONMENT ---]/Tree_JungleCanopy/Foliage_Center","Sphere","tree","Mat_JungleLeaves",5,"Assets/Art/Environment/HD/Trees/HD_Tree_CoconutPalm_01.prefab","Prefab",65,"semantic:tree; tree-category; project-art"
"Foliage_Center","[--- 01_ENVIRONMENT ---]/Tree_JungleCanopy/Foliage_Center","Sphere","tree","Mat_JungleLeaves",1,"Assets/Art/Environment/Trees/Tree_JungleCanopy.prefab","Prefab",90,"semantic:tree; semantic:canopy; tree-category; project-art"
"Foliage_Center","[--- 01_ENVIRONMENT ---]/Tree_JungleCanopy/Foliage_Center","Sphere","tree","Mat_JungleLeaves",2,"Assets/Supercyan Free Forest Sample/Prefabs/High Quality/Tree/Fir/forestpack_tree_fir_tall.prefab","Prefab",75,"semantic:tree; tree-category; high-quality"
"Foliage_Center","[--- 01_ENVIRONMENT ---]/Tree_JungleCanopy/Foliage_Center","Sphere","tree","Mat_JungleLeaves",3,"Assets/Supercyan Free Forest Sample/Prefabs/High Quality/Tree/Leaf/Normal/forestpack_tree_1_leaf_1.prefab","Prefab",75,"semantic:tree; tree-category; high-quality"
"Foliage_Center","[--- 01_ENVIRONMENT ---]/Tree_JungleCanopy/Foliage_Center","Sphere","tree","Mat_JungleLeaves",4,"Assets/Supercyan Free Forest Sample/Prefabs/High Quality/Tree/Treestump/forestpack_tree_stump_1.prefab","Prefab",75,"semantic:tree; tree-category; high-quality"
"Foliage_Center","[--- 01_ENVIRONMENT ---]/Tree_JungleCanopy/Foliage_Center","Sphere","tree","Mat_JungleLeaves",5,"Assets/Art/Environment/HD/Trees/HD_Tree_CoconutPalm_01.prefab","Prefab",65,"semantic:tree; tree-category; project-art"
"Foliage_L","[--- 01_ENVIRONMENT ---]/Tree_JungleCanopy/Foliage_L","Sphere","tree","Mat_JungleLeaves",1,"Assets/Art/Environment/Trees/Tree_JungleCanopy.prefab","Prefab",90,"semantic:tree; semantic:canopy; tree-category; project-art"
"Foliage_L","[--- 01_ENVIRONMENT ---]/Tree_JungleCanopy/Foliage_L","Sphere","tree","Mat_JungleLeaves",2,"Assets/Supercyan Free Forest Sample/Prefabs/High Quality/Tree/Fir/forestpack_tree_fir_tall.prefab","Prefab",75,"semantic:tree; tree-category; high-quality"
"Foliage_L","[--- 01_ENVIRONMENT ---]/Tree_JungleCanopy/Foliage_L","Sphere","tree","Mat_JungleLeaves",3,"Assets/Supercyan Free Forest Sample/Prefabs/High Quality/Tree/Leaf/Normal/forestpack_tree_1_leaf_1.prefab","Prefab",75,"semantic:tree; tree-category; high-quality"
"Foliage_L","[--- 01_ENVIRONMENT ---]/Tree_JungleCanopy/Foliage_L","Sphere","tree","Mat_JungleLeaves",4,"Assets/Supercyan Free Forest Sample/Prefabs/High Quality/Tree/Treestump/forestpack_tree_stump_1.prefab","Prefab",75,"semantic:tree; tree-category; high-quality"
"Foliage_L","[--- 01_ENVIRONMENT ---]/Tree_JungleCanopy/Foliage_L","Sphere","tree","Mat_JungleLeaves",5,"Assets/Art/Environment/HD/Trees/HD_Tree_CoconutPalm_01.prefab","Prefab",65,"semantic:tree; tree-category; project-art"
"Foliage_L","[--- 01_ENVIRONMENT ---]/Tree_JungleCanopy/Foliage_L","Sphere","tree","Mat_JungleLeaves",1,"Assets/Art/Environment/Trees/Tree_JungleCanopy.prefab","Prefab",90,"semantic:tree; semantic:canopy; tree-category; project-art"
"Foliage_L","[--- 01_ENVIRONMENT ---]/Tree_JungleCanopy/Foliage_L","Sphere","tree","Mat_JungleLeaves",2,"Assets/Supercyan Free Forest Sample/Prefabs/High Quality/Tree/Fir/forestpack_tree_fir_tall.prefab","Prefab",75,"semantic:tree; tree-category; high-quality"
"Foliage_L","[--- 01_ENVIRONMENT ---]/Tree_JungleCanopy/Foliage_L","Sphere","tree","Mat_JungleLeaves",3,"Assets/Supercyan Free Forest Sample/Prefabs/High Quality/Tree/Leaf/Normal/forestpack_tree_1_leaf_1.prefab","Prefab",75,"semantic:tree; tree-category; high-quality"
"Foliage_L","[--- 01_ENVIRONMENT ---]/Tree_JungleCanopy/Foliage_L","Sphere","tree","Mat_JungleLeaves",4,"Assets/Supercyan Free Forest Sample/Prefabs/High Quality/Tree/Treestump/forestpack_tree_stump_1.prefab","Prefab",75,"semantic:tree; tree-category; high-quality"
"Foliage_L","[--- 01_ENVIRONMENT ---]/Tree_JungleCanopy/Foliage_L","Sphere","tree","Mat_JungleLeaves",5,"Assets/Art/Environment/HD/Trees/HD_Tree_CoconutPalm_01.prefab","Prefab",65,"semantic:tree; tree-category; project-art"
"Foliage_L","[--- 01_ENVIRONMENT ---]/Tree_JungleCanopy/Foliage_L","Sphere","tree","Mat_JungleLeaves",1,"Assets/Art/Environment/Trees/Tree_JungleCanopy.prefab","Prefab",90,"semantic:tree; semantic:canopy; tree-category; project-art"
"Foliage_L","[--- 01_ENVIRONMENT ---]/Tree_JungleCanopy/Foliage_L","Sphere","tree","Mat_JungleLeaves",2,"Assets/Supercyan Free Forest Sample/Prefabs/High Quality/Tree/Fir/forestpack_tree_fir_tall.prefab","Prefab",75,"semantic:tree; tree-category; high-quality"
"Foliage_L","[--- 01_ENVIRONMENT ---]/Tree_JungleCanopy/Foliage_L","Sphere","tree","Mat_JungleLeaves",3,"Assets/Supercyan Free Forest Sample/Prefabs/High Quality/Tree/Leaf/Normal/forestpack_tree_1_leaf_1.prefab","Prefab",75,"semantic:tree; tree-category; high-quality"
"Foliage_L","[--- 01_ENVIRONMENT ---]/Tree_JungleCanopy/Foliage_L","Sphere","tree","Mat_JungleLeaves",4,"Assets/Supercyan Free Forest Sample/Prefabs/High Quality/Tree/Treestump/forestpack_tree_stump_1.prefab","Prefab",75,"semantic:tree; tree-category; high-quality"
"Foliage_L","[--- 01_ENVIRONMENT ---]/Tree_JungleCanopy/Foliage_L","Sphere","tree","Mat_JungleLeaves",5,"Assets/Art/Environment/HD/Trees/HD_Tree_CoconutPalm_01.prefab","Prefab",65,"semantic:tree; tree-category; project-art"
"Foliage_R","[--- 01_ENVIRONMENT ---]/Tree_JungleCanopy/Foliage_R","Sphere","tree","Mat_JungleLeaves",1,"Assets/Art/Environment/Trees/Tree_JungleCanopy.prefab","Prefab",90,"semantic:tree; semantic:canopy; tree-category; project-art"
"Foliage_R","[--- 01_ENVIRONMENT ---]/Tree_JungleCanopy/Foliage_R","Sphere","tree","Mat_JungleLeaves",2,"Assets/Supercyan Free Forest Sample/Prefabs/High Quality/Tree/Fir/forestpack_tree_fir_tall.prefab","Prefab",75,"semantic:tree; tree-category; high-quality"
"Foliage_R","[--- 01_ENVIRONMENT ---]/Tree_JungleCanopy/Foliage_R","Sphere","tree","Mat_JungleLeaves",3,"Assets/Supercyan Free Forest Sample/Prefabs/High Quality/Tree/Leaf/Normal/forestpack_tree_1_leaf_1.prefab","Prefab",75,"semantic:tree; tree-category; high-quality"
"Foliage_R","[--- 01_ENVIRONMENT ---]/Tree_JungleCanopy/Foliage_R","Sphere","tree","Mat_JungleLeaves",4,"Assets/Supercyan Free Forest Sample/Prefabs/High Quality/Tree/Treestump/forestpack_tree_stump_1.prefab","Prefab",75,"semantic:tree; tree-category; high-quality"
"Foliage_R","[--- 01_ENVIRONMENT ---]/Tree_JungleCanopy/Foliage_R","Sphere","tree","Mat_JungleLeaves",5,"Assets/Art/Environment/HD/Trees/HD_Tree_CoconutPalm_01.prefab","Prefab",65,"semantic:tree; tree-category; project-art"
"Foliage_R","[--- 01_ENVIRONMENT ---]/Tree_JungleCanopy/Foliage_R","Sphere","tree","Mat_JungleLeaves",1,"Assets/Art/Environment/Trees/Tree_JungleCanopy.prefab","Prefab",90,"semantic:tree; semantic:canopy; tree-category; project-art"
"Foliage_R","[--- 01_ENVIRONMENT ---]/Tree_JungleCanopy/Foliage_R","Sphere","tree","Mat_JungleLeaves",2,"Assets/Supercyan Free Forest Sample/Prefabs/High Quality/Tree/Fir/forestpack_tree_fir_tall.prefab","Prefab",75,"semantic:tree; tree-category; high-quality"
"Foliage_R","[--- 01_ENVIRONMENT ---]/Tree_JungleCanopy/Foliage_R","Sphere","tree","Mat_JungleLeaves",3,"Assets/Supercyan Free Forest Sample/Prefabs/High Quality/Tree/Leaf/Normal/forestpack_tree_1_leaf_1.prefab","Prefab",75,"semantic:tree; tree-category; high-quality"
"Foliage_R","[--- 01_ENVIRONMENT ---]/Tree_JungleCanopy/Foliage_R","Sphere","tree","Mat_JungleLeaves",4,"Assets/Supercyan Free Forest Sample/Prefabs/High Quality/Tree/Treestump/forestpack_tree_stump_1.prefab","Prefab",75,"semantic:tree; tree-category; high-quality"
"Foliage_R","[--- 01_ENVIRONMENT ---]/Tree_JungleCanopy/Foliage_R","Sphere","tree","Mat_JungleLeaves",5,"Assets/Art/Environment/HD/Trees/HD_Tree_CoconutPalm_01.prefab","Prefab",65,"semantic:tree; tree-category; project-art"
"Foliage_R","[--- 01_ENVIRONMENT ---]/Tree_JungleCanopy/Foliage_R","Sphere","tree","Mat_JungleLeaves",1,"Assets/Art/Environment/Trees/Tree_JungleCanopy.prefab","Prefab",90,"semantic:tree; semantic:canopy; tree-category; project-art"
"Foliage_R","[--- 01_ENVIRONMENT ---]/Tree_JungleCanopy/Foliage_R","Sphere","tree","Mat_JungleLeaves",2,"Assets/Supercyan Free Forest Sample/Prefabs/High Quality/Tree/Fir/forestpack_tree_fir_tall.prefab","Prefab",75,"semantic:tree; tree-category; high-quality"
"Foliage_R","[--- 01_ENVIRONMENT ---]/Tree_JungleCanopy/Foliage_R","Sphere","tree","Mat_JungleLeaves",3,"Assets/Supercyan Free Forest Sample/Prefabs/High Quality/Tree/Leaf/Normal/forestpack_tree_1_leaf_1.prefab","Prefab",75,"semantic:tree; tree-category; high-quality"
"Foliage_R","[--- 01_ENVIRONMENT ---]/Tree_JungleCanopy/Foliage_R","Sphere","tree","Mat_JungleLeaves",4,"Assets/Supercyan Free Forest Sample/Prefabs/High Quality/Tree/Treestump/forestpack_tree_stump_1.prefab","Prefab",75,"semantic:tree; tree-category; high-quality"
"Foliage_R","[--- 01_ENVIRONMENT ---]/Tree_JungleCanopy/Foliage_R","Sphere","tree","Mat_JungleLeaves",5,"Assets/Art/Environment/HD/Trees/HD_Tree_CoconutPalm_01.prefab","Prefab",65,"semantic:tree; tree-category; project-art"
"Trunk","[--- 01_ENVIRONMENT ---]/Tree_JungleCanopy/Trunk","Cylinder","tree","Mat_JungleWood",1,"Assets/Art/Environment/Trees/Tree_JungleCanopy.prefab","Prefab",90,"semantic:tree; semantic:canopy; tree-category; project-art"
"Trunk","[--- 01_ENVIRONMENT ---]/Tree_JungleCanopy/Trunk","Cylinder","tree","Mat_JungleWood",2,"Assets/Supercyan Free Forest Sample/Prefabs/High Quality/Tree/Fir/forestpack_tree_fir_tall.prefab","Prefab",75,"semantic:tree; tree-category; high-quality"
"Trunk","[--- 01_ENVIRONMENT ---]/Tree_JungleCanopy/Trunk","Cylinder","tree","Mat_JungleWood",3,"Assets/Supercyan Free Forest Sample/Prefabs/High Quality/Tree/Leaf/Normal/forestpack_tree_1_leaf_1.prefab","Prefab",75,"semantic:tree; tree-category; high-quality"
"Trunk","[--- 01_ENVIRONMENT ---]/Tree_JungleCanopy/Trunk","Cylinder","tree","Mat_JungleWood",4,"Assets/Supercyan Free Forest Sample/Prefabs/High Quality/Tree/Treestump/forestpack_tree_stump_1.prefab","Prefab",75,"semantic:tree; tree-category; high-quality"
"Trunk","[--- 01_ENVIRONMENT ---]/Tree_JungleCanopy/Trunk","Cylinder","tree","Mat_JungleWood",5,"Assets/Art/Environment/HD/Trees/HD_Tree_CoconutPalm_01.prefab","Prefab",65,"semantic:tree; tree-category; project-art"
"Trunk","[--- 01_ENVIRONMENT ---]/Tree_JungleCanopy/Trunk","Cylinder","tree","Mat_JungleWood",1,"Assets/Art/Environment/Trees/Tree_JungleCanopy.prefab","Prefab",90,"semantic:tree; semantic:canopy; tree-category; project-art"
"Trunk","[--- 01_ENVIRONMENT ---]/Tree_JungleCanopy/Trunk","Cylinder","tree","Mat_JungleWood",2,"Assets/Supercyan Free Forest Sample/Prefabs/High Quality/Tree/Fir/forestpack_tree_fir_tall.prefab","Prefab",75,"semantic:tree; tree-category; high-quality"
"Trunk","[--- 01_ENVIRONMENT ---]/Tree_JungleCanopy/Trunk","Cylinder","tree","Mat_JungleWood",3,"Assets/Supercyan Free Forest Sample/Prefabs/High Quality/Tree/Leaf/Normal/forestpack_tree_1_leaf_1.prefab","Prefab",75,"semantic:tree; tree-category; high-quality"
"Trunk","[--- 01_ENVIRONMENT ---]/Tree_JungleCanopy/Trunk","Cylinder","tree","Mat_JungleWood",4,"Assets/Supercyan Free Forest Sample/Prefabs/High Quality/Tree/Treestump/forestpack_tree_stump_1.prefab","Prefab",75,"semantic:tree; tree-category; high-quality"
"Trunk","[--- 01_ENVIRONMENT ---]/Tree_JungleCanopy/Trunk","Cylinder","tree","Mat_JungleWood",5,"Assets/Art/Environment/HD/Trees/HD_Tree_CoconutPalm_01.prefab","Prefab",65,"semantic:tree; tree-category; project-art"
"Trunk","[--- 01_ENVIRONMENT ---]/Tree_JungleCanopy/Trunk","Cylinder","tree","Mat_JungleWood",1,"Assets/Art/Environment/Trees/Tree_JungleCanopy.prefab","Prefab",90,"semantic:tree; semantic:canopy; tree-category; project-art"
"Trunk","[--- 01_ENVIRONMENT ---]/Tree_JungleCanopy/Trunk","Cylinder","tree","Mat_JungleWood",2,"Assets/Supercyan Free Forest Sample/Prefabs/High Quality/Tree/Fir/forestpack_tree_fir_tall.prefab","Prefab",75,"semantic:tree; tree-category; high-quality"
"Trunk","[--- 01_ENVIRONMENT ---]/Tree_JungleCanopy/Trunk","Cylinder","tree","Mat_JungleWood",3,"Assets/Supercyan Free Forest Sample/Prefabs/High Quality/Tree/Leaf/Normal/forestpack_tree_1_leaf_1.prefab","Prefab",75,"semantic:tree; tree-category; high-quality"
"Trunk","[--- 01_ENVIRONMENT ---]/Tree_JungleCanopy/Trunk","Cylinder","tree","Mat_JungleWood",4,"Assets/Supercyan Free Forest Sample/Prefabs/High Quality/Tree/Treestump/forestpack_tree_stump_1.prefab","Prefab",75,"semantic:tree; tree-category; high-quality"
"Trunk","[--- 01_ENVIRONMENT ---]/Tree_JungleCanopy/Trunk","Cylinder","tree","Mat_JungleWood",5,"Assets/Art/Environment/HD/Trees/HD_Tree_CoconutPalm_01.prefab","Prefab",65,"semantic:tree; tree-category; project-art"
"Lintel","[--- 02_GAMEPLAY ---]/__HDVISUAL__Ruins_AncientArch/Lintel","Cube","ruins","Mat_AncientStone",1,"Assets/Art/Environment/Ruins/Ruins_AncientArch.prefab","Prefab",60,"semantic:ruin; semantic:ancient; project-art"
"Lintel","[--- 02_GAMEPLAY ---]/__HDVISUAL__Ruins_AncientArch/Lintel","Cube","ruins","Mat_AncientStone",2,"Assets/Art/Environment/Ruins/Ruins_HeavyStoneDoor.prefab","Prefab",60,"semantic:stone; semantic:ruin; project-art"
"Lintel","[--- 02_GAMEPLAY ---]/__HDVISUAL__Ruins_AncientArch/Lintel","Cube","ruins","Mat_AncientStone",3,"Assets/HD_Jungle_Assets/Stones/HD_Stone_AncientPillar_01.prefab","Prefab",50,"semantic:stone; semantic:ancient"
"Lintel","[--- 02_GAMEPLAY ---]/__HDVISUAL__Ruins_AncientArch/Lintel","Cube","ruins","Mat_AncientStone",4,"Assets/Supercyan Free Forest Sample/Prefabs/High Quality/Stone/forestpack_stone_large_1.prefab","Prefab",45,"semantic:stone; high-quality"
"Lintel","[--- 02_GAMEPLAY ---]/__HDVISUAL__Ruins_AncientArch/Lintel","Cube","ruins","Mat_AncientStone",5,"Assets/Supercyan Free Forest Sample/Prefabs/High Quality/Stone/forestpack_stone_medium_1.prefab","Prefab",45,"semantic:stone; high-quality"
"Pillar_L","[--- 02_GAMEPLAY ---]/__HDVISUAL__Ruins_AncientArch/Pillar_L","Cube","ruins","Mat_AncientStone",1,"Assets/Art/Environment/Ruins/Ruins_AncientArch.prefab","Prefab",60,"semantic:ruin; semantic:ancient; project-art"
"Pillar_L","[--- 02_GAMEPLAY ---]/__HDVISUAL__Ruins_AncientArch/Pillar_L","Cube","ruins","Mat_AncientStone",2,"Assets/Art/Environment/Ruins/Ruins_HeavyStoneDoor.prefab","Prefab",60,"semantic:stone; semantic:ruin; project-art"
"Pillar_L","[--- 02_GAMEPLAY ---]/__HDVISUAL__Ruins_AncientArch/Pillar_L","Cube","ruins","Mat_AncientStone",3,"Assets/HD_Jungle_Assets/Stones/HD_Stone_AncientPillar_01.prefab","Prefab",50,"semantic:stone; semantic:ancient"
"Pillar_L","[--- 02_GAMEPLAY ---]/__HDVISUAL__Ruins_AncientArch/Pillar_L","Cube","ruins","Mat_AncientStone",4,"Assets/Supercyan Free Forest Sample/Prefabs/High Quality/Stone/forestpack_stone_large_1.prefab","Prefab",45,"semantic:stone; high-quality"
"Pillar_L","[--- 02_GAMEPLAY ---]/__HDVISUAL__Ruins_AncientArch/Pillar_L","Cube","ruins","Mat_AncientStone",5,"Assets/Supercyan Free Forest Sample/Prefabs/High Quality/Stone/forestpack_stone_medium_1.prefab","Prefab",45,"semantic:stone; high-quality"
"Pillar_R","[--- 02_GAMEPLAY ---]/__HDVISUAL__Ruins_AncientArch/Pillar_R","Cube","ruins","Mat_AncientStone",1,"Assets/Art/Environment/Ruins/Ruins_AncientArch.prefab","Prefab",60,"semantic:ruin; semantic:ancient; project-art"
"Pillar_R","[--- 02_GAMEPLAY ---]/__HDVISUAL__Ruins_AncientArch/Pillar_R","Cube","ruins","Mat_AncientStone",2,"Assets/Art/Environment/Ruins/Ruins_HeavyStoneDoor.prefab","Prefab",60,"semantic:stone; semantic:ruin; project-art"
"Pillar_R","[--- 02_GAMEPLAY ---]/__HDVISUAL__Ruins_AncientArch/Pillar_R","Cube","ruins","Mat_AncientStone",3,"Assets/HD_Jungle_Assets/Stones/HD_Stone_AncientPillar_01.prefab","Prefab",50,"semantic:stone; semantic:ancient"
"Pillar_R","[--- 02_GAMEPLAY ---]/__HDVISUAL__Ruins_AncientArch/Pillar_R","Cube","ruins","Mat_AncientStone",4,"Assets/Supercyan Free Forest Sample/Prefabs/High Quality/Stone/forestpack_stone_large_1.prefab","Prefab",45,"semantic:stone; high-quality"
"Pillar_R","[--- 02_GAMEPLAY ---]/__HDVISUAL__Ruins_AncientArch/Pillar_R","Cube","ruins","Mat_AncientStone",5,"Assets/Supercyan Free Forest Sample/Prefabs/High Quality/Stone/forestpack_stone_medium_1.prefab","Prefab",45,"semantic:stone; high-quality"
"DoorSlab_Left","[--- 02_GAMEPLAY ---]/Ancient_Stone_Door/DoorSlab_Left","Cube","rock","Mat_AncientStone",1,"Assets/Art/Environment/Ruins/Ruins_HeavyStoneDoor.prefab","Prefab",90,"semantic:stone; semantic:door; rock-category; project-art"
"DoorSlab_Left","[--- 02_GAMEPLAY ---]/Ancient_Stone_Door/DoorSlab_Left","Cube","rock","Mat_AncientStone",2,"Assets/HD_Jungle_Assets/Stones/HD_Stone_AncientPillar_01.prefab","Prefab",80,"semantic:stone; semantic:ancient; rock-category"
"DoorSlab_Left","[--- 02_GAMEPLAY ---]/Ancient_Stone_Door/DoorSlab_Left","Cube","rock","Mat_AncientStone",3,"Assets/Supercyan Free Forest Sample/Prefabs/High Quality/Stone/forestpack_stone_large_1.prefab","Prefab",75,"semantic:stone; rock-category; high-quality"
"DoorSlab_Left","[--- 02_GAMEPLAY ---]/Ancient_Stone_Door/DoorSlab_Left","Cube","rock","Mat_AncientStone",4,"Assets/Supercyan Free Forest Sample/Prefabs/High Quality/Stone/forestpack_stone_medium_1.prefab","Prefab",75,"semantic:stone; rock-category; high-quality"
"DoorSlab_Left","[--- 02_GAMEPLAY ---]/Ancient_Stone_Door/DoorSlab_Left","Cube","rock","Mat_AncientStone",5,"Assets/Art/Bosses/Boss_StoneGolem.prefab","Prefab",65,"semantic:stone; rock-category; project-art"
"RuneInlay_L","[--- 02_GAMEPLAY ---]/Ancient_Stone_Door/DoorSlab_Left/RuneInlay_L","Sphere","rock","Mat_RuneActiveGlow",1,"Assets/Art/Environment/Ruins/Ruins_HeavyStoneDoor.prefab","Prefab",90,"semantic:stone; semantic:door; rock-category; project-art"
"RuneInlay_L","[--- 02_GAMEPLAY ---]/Ancient_Stone_Door/DoorSlab_Left/RuneInlay_L","Sphere","rock","Mat_RuneActiveGlow",2,"Assets/HD_Jungle_Assets/Stones/HD_Stone_AncientPillar_01.prefab","Prefab",80,"semantic:stone; semantic:ancient; rock-category"
"RuneInlay_L","[--- 02_GAMEPLAY ---]/Ancient_Stone_Door/DoorSlab_Left/RuneInlay_L","Sphere","rock","Mat_RuneActiveGlow",3,"Assets/Supercyan Free Forest Sample/Prefabs/High Quality/Stone/forestpack_stone_large_1.prefab","Prefab",75,"semantic:stone; rock-category; high-quality"
"RuneInlay_L","[--- 02_GAMEPLAY ---]/Ancient_Stone_Door/DoorSlab_Left/RuneInlay_L","Sphere","rock","Mat_RuneActiveGlow",4,"Assets/Supercyan Free Forest Sample/Prefabs/High Quality/Stone/forestpack_stone_medium_1.prefab","Prefab",75,"semantic:stone; rock-category; high-quality"
"RuneInlay_L","[--- 02_GAMEPLAY ---]/Ancient_Stone_Door/DoorSlab_Left/RuneInlay_L","Sphere","rock","Mat_RuneActiveGlow",5,"Assets/Art/Bosses/Boss_StoneGolem.prefab","Prefab",65,"semantic:stone; rock-category; project-art"
"DoorSlab_Right","[--- 02_GAMEPLAY ---]/Ancient_Stone_Door/DoorSlab_Right","Cube","rock","Mat_AncientStone",1,"Assets/Art/Environment/Ruins/Ruins_HeavyStoneDoor.prefab","Prefab",90,"semantic:stone; semantic:door; rock-category; project-art"
"DoorSlab_Right","[--- 02_GAMEPLAY ---]/Ancient_Stone_Door/DoorSlab_Right","Cube","rock","Mat_AncientStone",2,"Assets/HD_Jungle_Assets/Stones/HD_Stone_AncientPillar_01.prefab","Prefab",80,"semantic:stone; semantic:ancient; rock-category"
"DoorSlab_Right","[--- 02_GAMEPLAY ---]/Ancient_Stone_Door/DoorSlab_Right","Cube","rock","Mat_AncientStone",3,"Assets/Supercyan Free Forest Sample/Prefabs/High Quality/Stone/forestpack_stone_large_1.prefab","Prefab",75,"semantic:stone; rock-category; high-quality"
"DoorSlab_Right","[--- 02_GAMEPLAY ---]/Ancient_Stone_Door/DoorSlab_Right","Cube","rock","Mat_AncientStone",4,"Assets/Supercyan Free Forest Sample/Prefabs/High Quality/Stone/forestpack_stone_medium_1.prefab","Prefab",75,"semantic:stone; rock-category; high-quality"
"DoorSlab_Right","[--- 02_GAMEPLAY ---]/Ancient_Stone_Door/DoorSlab_Right","Cube","rock","Mat_AncientStone",5,"Assets/Art/Bosses/Boss_StoneGolem.prefab","Prefab",65,"semantic:stone; rock-category; project-art"
"RuneInlay_R","[--- 02_GAMEPLAY ---]/Ancient_Stone_Door/DoorSlab_Right/RuneInlay_R","Sphere","rock","Mat_RuneActiveGlow",1,"Assets/Art/Environment/Ruins/Ruins_HeavyStoneDoor.prefab","Prefab",90,"semantic:stone; semantic:door; rock-category; project-art"
"RuneInlay_R","[--- 02_GAMEPLAY ---]/Ancient_Stone_Door/DoorSlab_Right/RuneInlay_R","Sphere","rock","Mat_RuneActiveGlow",2,"Assets/HD_Jungle_Assets/Stones/HD_Stone_AncientPillar_01.prefab","Prefab",80,"semantic:stone; semantic:ancient; rock-category"
"RuneInlay_R","[--- 02_GAMEPLAY ---]/Ancient_Stone_Door/DoorSlab_Right/RuneInlay_R","Sphere","rock","Mat_RuneActiveGlow",3,"Assets/Supercyan Free Forest Sample/Prefabs/High Quality/Stone/forestpack_stone_large_1.prefab","Prefab",75,"semantic:stone; rock-category; high-quality"
"RuneInlay_R","[--- 02_GAMEPLAY ---]/Ancient_Stone_Door/DoorSlab_Right/RuneInlay_R","Sphere","rock","Mat_RuneActiveGlow",4,"Assets/Supercyan Free Forest Sample/Prefabs/High Quality/Stone/forestpack_stone_medium_1.prefab","Prefab",75,"semantic:stone; rock-category; high-quality"
"RuneInlay_R","[--- 02_GAMEPLAY ---]/Ancient_Stone_Door/DoorSlab_Right/RuneInlay_R","Sphere","rock","Mat_RuneActiveGlow",5,"Assets/Art/Bosses/Boss_StoneGolem.prefab","Prefab",65,"semantic:stone; rock-category; project-art"
"BananaMesh","[--- 02_GAMEPLAY ---]/Banana_01/BananaMesh","Capsule","prop","Mat_GuardianGold",1,"Assets/Art/Characters/Monkey_DivineGuardian.prefab","Prefab",35,"semantic:guardian; project-art"
"BananaMesh","[--- 02_GAMEPLAY ---]/Banana_01/BananaMesh","Capsule","prop","Mat_GuardianGold",2,"Assets/Art/Characters/Monkey_Guardian.prefab","Prefab",35,"semantic:guardian; project-art"
"BananaMesh","[--- 02_GAMEPLAY ---]/Banana_01/BananaMesh","Capsule","prop","Mat_GuardianGold",3,"Assets/Art/Props/Prop_GoldenBanana.prefab","Prefab",35,"semantic:banana; project-art"
"BananaMesh","[--- 02_GAMEPLAY ---]/Banana_01/BananaMesh","Capsule","prop","Mat_GuardianGold",4,"Assets/Art/VFX/VFX_Guardian_Aura.prefab","Prefab",35,"semantic:guardian; project-art"
"BananaMesh","[--- 02_GAMEPLAY ---]/Banana_01/BananaMesh","Capsule","prop","Mat_GuardianGold",5,"Assets/Supercyan Free Forest Sample/Prefabs/High Quality/Foliage/Grass/forestpack_foliage_grassPatch_small_1.prefab","Prefab",20,"high-quality"
"BananaMesh","[--- 02_GAMEPLAY ---]/Banana_02/BananaMesh","Capsule","prop","Mat_GuardianGold",1,"Assets/Art/Characters/Monkey_DivineGuardian.prefab","Prefab",35,"semantic:guardian; project-art"
"BananaMesh","[--- 02_GAMEPLAY ---]/Banana_02/BananaMesh","Capsule","prop","Mat_GuardianGold",2,"Assets/Art/Characters/Monkey_Guardian.prefab","Prefab",35,"semantic:guardian; project-art"
"BananaMesh","[--- 02_GAMEPLAY ---]/Banana_02/BananaMesh","Capsule","prop","Mat_GuardianGold",3,"Assets/Art/Props/Prop_GoldenBanana.prefab","Prefab",35,"semantic:banana; project-art"
"BananaMesh","[--- 02_GAMEPLAY ---]/Banana_02/BananaMesh","Capsule","prop","Mat_GuardianGold",4,"Assets/Art/VFX/VFX_Guardian_Aura.prefab","Prefab",35,"semantic:guardian; project-art"
"BananaMesh","[--- 02_GAMEPLAY ---]/Banana_02/BananaMesh","Capsule","prop","Mat_GuardianGold",5,"Assets/Supercyan Free Forest Sample/Prefabs/High Quality/Foliage/Grass/forestpack_foliage_grassPatch_small_1.prefab","Prefab",20,"high-quality"
"BananaMesh","[--- 02_GAMEPLAY ---]/Banana_03/BananaMesh","Capsule","prop","Mat_GuardianGold",1,"Assets/Art/Characters/Monkey_DivineGuardian.prefab","Prefab",35,"semantic:guardian; project-art"
"BananaMesh","[--- 02_GAMEPLAY ---]/Banana_03/BananaMesh","Capsule","prop","Mat_GuardianGold",2,"Assets/Art/Characters/Monkey_Guardian.prefab","Prefab",35,"semantic:guardian; project-art"
"BananaMesh","[--- 02_GAMEPLAY ---]/Banana_03/BananaMesh","Capsule","prop","Mat_GuardianGold",3,"Assets/Art/Props/Prop_GoldenBanana.prefab","Prefab",35,"semantic:banana; project-art"
"BananaMesh","[--- 02_GAMEPLAY ---]/Banana_03/BananaMesh","Capsule","prop","Mat_GuardianGold",4,"Assets/Art/VFX/VFX_Guardian_Aura.prefab","Prefab",35,"semantic:guardian; project-art"
"BananaMesh","[--- 02_GAMEPLAY ---]/Banana_03/BananaMesh","Capsule","prop","Mat_GuardianGold",5,"Assets/Supercyan Free Forest Sample/Prefabs/High Quality/Foliage/Grass/forestpack_foliage_grassPatch_small_1.prefab","Prefab",20,"high-quality"
"BananaMesh","[--- 02_GAMEPLAY ---]/Banana_04/BananaMesh","Capsule","prop","Mat_GuardianGold",1,"Assets/Art/Characters/Monkey_DivineGuardian.prefab","Prefab",35,"semantic:guardian; project-art"
"BananaMesh","[--- 02_GAMEPLAY ---]/Banana_04/BananaMesh","Capsule","prop","Mat_GuardianGold",2,"Assets/Art/Characters/Monkey_Guardian.prefab","Prefab",35,"semantic:guardian; project-art"
"BananaMesh","[--- 02_GAMEPLAY ---]/Banana_04/BananaMesh","Capsule","prop","Mat_GuardianGold",3,"Assets/Art/Props/Prop_GoldenBanana.prefab","Prefab",35,"semantic:banana; project-art"
"BananaMesh","[--- 02_GAMEPLAY ---]/Banana_04/BananaMesh","Capsule","prop","Mat_GuardianGold",4,"Assets/Art/VFX/VFX_Guardian_Aura.prefab","Prefab",35,"semantic:guardian; project-art"
"BananaMesh","[--- 02_GAMEPLAY ---]/Banana_04/BananaMesh","Capsule","prop","Mat_GuardianGold",5,"Assets/Supercyan Free Forest Sample/Prefabs/High Quality/Foliage/Grass/forestpack_foliage_grassPatch_small_1.prefab","Prefab",20,"high-quality"
"Crystal","[--- 02_GAMEPLAY ---]/Breakable_Celestial_Relic/Crystal","Sphere","prop","Mat_DivineCyan",1,"Assets/Art/Characters/Monkey_DivineGuardian.prefab","Prefab",35,"semantic:vine; project-art"
"Crystal","[--- 02_GAMEPLAY ---]/Breakable_Celestial_Relic/Crystal","Sphere","prop","Mat_DivineCyan",2,"Assets/Art/Props/Prop_BreakableRelic.prefab","Prefab",35,"semantic:relic; project-art"
"Crystal","[--- 02_GAMEPLAY ---]/Breakable_Celestial_Relic/Crystal","Sphere","prop","Mat_DivineCyan",3,"Assets/Art/Props/Prop_ClimbableVine.prefab","Prefab",35,"semantic:vine; project-art"
"Crystal","[--- 02_GAMEPLAY ---]/Breakable_Celestial_Relic/Crystal","Sphere","prop","Mat_DivineCyan",4,"Assets/Supercyan Free Forest Sample/Prefabs/High Quality/Foliage/Grass/forestpack_foliage_grassPatch_small_1.prefab","Prefab",20,"high-quality"
"Crystal","[--- 02_GAMEPLAY ---]/Breakable_Celestial_Relic/Crystal","Sphere","prop","Mat_DivineCyan",5,"Assets/Supercyan Free Forest Sample/Prefabs/High Quality/Foliage/Grass/forestpack_foliage_grassPatch_small_2.prefab","Prefab",20,"high-quality"
"Pedestal","[--- 02_GAMEPLAY ---]/Breakable_Celestial_Relic/Pedestal","Cylinder","ruins","Mat_AncientStone",1,"Assets/HD_Jungle_Assets/Stones/HD_Stone_AncientPillar_01.prefab","Prefab",50,"semantic:stone; semantic:ancient"
"Pedestal","[--- 02_GAMEPLAY ---]/Breakable_Celestial_Relic/Pedestal","Cylinder","ruins","Mat_AncientStone",2,"Assets/Supercyan Free Forest Sample/Prefabs/High Quality/Stone/forestpack_stone_large_1.prefab","Prefab",45,"semantic:stone; high-quality"
"Pedestal","[--- 02_GAMEPLAY ---]/Breakable_Celestial_Relic/Pedestal","Cylinder","ruins","Mat_AncientStone",3,"Assets/Supercyan Free Forest Sample/Prefabs/High Quality/Stone/forestpack_stone_medium_1.prefab","Prefab",45,"semantic:stone; high-quality"
"Pedestal","[--- 02_GAMEPLAY ---]/Breakable_Celestial_Relic/Pedestal","Cylinder","ruins","Mat_AncientStone",4,"Assets/Art/Bosses/Boss_StoneGolem.prefab","Prefab",35,"semantic:stone; project-art"
"Pedestal","[--- 02_GAMEPLAY ---]/Breakable_Celestial_Relic/Pedestal","Cylinder","ruins","Mat_AncientStone",5,"Assets/Art/Environment/Ruins/Ruins_AncientArch.prefab","Prefab",35,"semantic:ancient; project-art"
"Checkpoint_01_Start","[--- 02_GAMEPLAY ---]/Checkpoint_01_Start","Cylinder","prop","Mat_Checkpoint_Active",1,"Assets/Art/VFX/VFX_Checkpoint_Beam.prefab","Prefab",35,"semantic:checkpoint; project-art"
"Checkpoint_01_Start","[--- 02_GAMEPLAY ---]/Checkpoint_01_Start","Cylinder","prop","Mat_Checkpoint_Active",2,"Assets/Supercyan Free Forest Sample/Prefabs/High Quality/Foliage/Grass/forestpack_foliage_grassPatch_small_1.prefab","Prefab",20,"high-quality"
"Checkpoint_01_Start","[--- 02_GAMEPLAY ---]/Checkpoint_01_Start","Cylinder","prop","Mat_Checkpoint_Active",3,"Assets/Supercyan Free Forest Sample/Prefabs/High Quality/Foliage/Grass/forestpack_foliage_grassPatch_small_2.prefab","Prefab",20,"high-quality"
"Checkpoint_01_Start","[--- 02_GAMEPLAY ---]/Checkpoint_01_Start","Cylinder","prop","Mat_Checkpoint_Active",4,"Assets/Supercyan Free Forest Sample/Prefabs/High Quality/Foliage/Mushroom/forestpack_foliage_mushroom_blue_big.prefab","Prefab",20,"high-quality"
"Checkpoint_01_Start","[--- 02_GAMEPLAY ---]/Checkpoint_01_Start","Cylinder","prop","Mat_Checkpoint_Active",5,"Assets/Supercyan Free Forest Sample/Prefabs/High Quality/Foliage/Mushroom/forestpack_foliage_mushroom_red_small.prefab","Prefab",20,"high-quality"
"Checkpoint_02_PostDoor","[--- 02_GAMEPLAY ---]/Checkpoint_02_PostDoor","Cylinder","ruins","Mat_Checkpoint_Active",1,"Assets/Art/Environment/Ruins/Ruins_HeavyStoneDoor.prefab","Prefab",35,"semantic:door; project-art"
"Checkpoint_02_PostDoor","[--- 02_GAMEPLAY ---]/Checkpoint_02_PostDoor","Cylinder","ruins","Mat_Checkpoint_Active",2,"Assets/Art/VFX/VFX_AncientDoor_Magic.prefab","Prefab",35,"semantic:door; project-art"
"Checkpoint_02_PostDoor","[--- 02_GAMEPLAY ---]/Checkpoint_02_PostDoor","Cylinder","ruins","Mat_Checkpoint_Active",3,"Assets/Art/VFX/VFX_Checkpoint_Beam.prefab","Prefab",35,"semantic:checkpoint; project-art"
"Checkpoint_02_PostDoor","[--- 02_GAMEPLAY ---]/Checkpoint_02_PostDoor","Cylinder","ruins","Mat_Checkpoint_Active",4,"Assets/Supercyan Free Forest Sample/Prefabs/High Quality/Foliage/Grass/forestpack_foliage_grassPatch_small_1.prefab","Prefab",20,"high-quality"
"Checkpoint_02_PostDoor","[--- 02_GAMEPLAY ---]/Checkpoint_02_PostDoor","Cylinder","ruins","Mat_Checkpoint_Active",5,"Assets/Supercyan Free Forest Sample/Prefabs/High Quality/Foliage/Grass/forestpack_foliage_grassPatch_small_2.prefab","Prefab",20,"high-quality"
"CoinMesh","[--- 02_GAMEPLAY ---]/Coin_01/CoinMesh","Cylinder","prop","Mat_GuardianGold",1,"Assets/Art/Characters/Monkey_DivineGuardian.prefab","Prefab",35,"semantic:guardian; project-art"
"CoinMesh","[--- 02_GAMEPLAY ---]/Coin_01/CoinMesh","Cylinder","prop","Mat_GuardianGold",2,"Assets/Art/Characters/Monkey_Guardian.prefab","Prefab",35,"semantic:guardian; project-art"
"CoinMesh","[--- 02_GAMEPLAY ---]/Coin_01/CoinMesh","Cylinder","prop","Mat_GuardianGold",3,"Assets/Art/Props/Prop_AncientCoin.prefab","Prefab",35,"semantic:coin; project-art"
"CoinMesh","[--- 02_GAMEPLAY ---]/Coin_01/CoinMesh","Cylinder","prop","Mat_GuardianGold",4,"Assets/Art/VFX/VFX_Guardian_Aura.prefab","Prefab",35,"semantic:guardian; project-art"
"CoinMesh","[--- 02_GAMEPLAY ---]/Coin_01/CoinMesh","Cylinder","prop","Mat_GuardianGold",5,"Assets/Supercyan Free Forest Sample/Prefabs/High Quality/Foliage/Grass/forestpack_foliage_grassPatch_small_1.prefab","Prefab",20,"high-quality"
"CoinMesh","[--- 02_GAMEPLAY ---]/Coin_02/CoinMesh","Cylinder","prop","Mat_GuardianGold",1,"Assets/Art/Characters/Monkey_DivineGuardian.prefab","Prefab",35,"semantic:guardian; project-art"
"CoinMesh","[--- 02_GAMEPLAY ---]/Coin_02/CoinMesh","Cylinder","prop","Mat_GuardianGold",2,"Assets/Art/Characters/Monkey_Guardian.prefab","Prefab",35,"semantic:guardian; project-art"
"CoinMesh","[--- 02_GAMEPLAY ---]/Coin_02/CoinMesh","Cylinder","prop","Mat_GuardianGold",3,"Assets/Art/Props/Prop_AncientCoin.prefab","Prefab",35,"semantic:coin; project-art"
"CoinMesh","[--- 02_GAMEPLAY ---]/Coin_02/CoinMesh","Cylinder","prop","Mat_GuardianGold",4,"Assets/Art/VFX/VFX_Guardian_Aura.prefab","Prefab",35,"semantic:guardian; project-art"
"CoinMesh","[--- 02_GAMEPLAY ---]/Coin_02/CoinMesh","Cylinder","prop","Mat_GuardianGold",5,"Assets/Supercyan Free Forest Sample/Prefabs/High Quality/Foliage/Grass/forestpack_foliage_grassPatch_small_1.prefab","Prefab",20,"high-quality"
"CoinMesh","[--- 02_GAMEPLAY ---]/Coin_03/CoinMesh","Cylinder","prop","Mat_GuardianGold",1,"Assets/Art/Characters/Monkey_DivineGuardian.prefab","Prefab",35,"semantic:guardian; project-art"
"CoinMesh","[--- 02_GAMEPLAY ---]/Coin_03/CoinMesh","Cylinder","prop","Mat_GuardianGold",2,"Assets/Art/Characters/Monkey_Guardian.prefab","Prefab",35,"semantic:guardian; project-art"
"CoinMesh","[--- 02_GAMEPLAY ---]/Coin_03/CoinMesh","Cylinder","prop","Mat_GuardianGold",3,"Assets/Art/Props/Prop_AncientCoin.prefab","Prefab",35,"semantic:coin; project-art"
"CoinMesh","[--- 02_GAMEPLAY ---]/Coin_03/CoinMesh","Cylinder","prop","Mat_GuardianGold",4,"Assets/Art/VFX/VFX_Guardian_Aura.prefab","Prefab",35,"semantic:guardian; project-art"
"CoinMesh","[--- 02_GAMEPLAY ---]/Coin_03/CoinMesh","Cylinder","prop","Mat_GuardianGold",5,"Assets/Supercyan Free Forest Sample/Prefabs/High Quality/Foliage/Grass/forestpack_foliage_grassPatch_small_1.prefab","Prefab",20,"high-quality"
"CoinMesh","[--- 02_GAMEPLAY ---]/Coin_04/CoinMesh","Cylinder","prop","Mat_GuardianGold",1,"Assets/Art/Characters/Monkey_DivineGuardian.prefab","Prefab",35,"semantic:guardian; project-art"
"CoinMesh","[--- 02_GAMEPLAY ---]/Coin_04/CoinMesh","Cylinder","prop","Mat_GuardianGold",2,"Assets/Art/Characters/Monkey_Guardian.prefab","Prefab",35,"semantic:guardian; project-art"
"CoinMesh","[--- 02_GAMEPLAY ---]/Coin_04/CoinMesh","Cylinder","prop","Mat_GuardianGold",3,"Assets/Art/Props/Prop_AncientCoin.prefab","Prefab",35,"semantic:coin; project-art"
"CoinMesh","[--- 02_GAMEPLAY ---]/Coin_04/CoinMesh","Cylinder","prop","Mat_GuardianGold",4,"Assets/Art/VFX/VFX_Guardian_Aura.prefab","Prefab",35,"semantic:guardian; project-art"
"CoinMesh","[--- 02_GAMEPLAY ---]/Coin_04/CoinMesh","Cylinder","prop","Mat_GuardianGold",5,"Assets/Supercyan Free Forest Sample/Prefabs/High Quality/Foliage/Grass/forestpack_foliage_grassPatch_small_1.prefab","Prefab",20,"high-quality"
"CoinMesh","[--- 02_GAMEPLAY ---]/Coin_05/CoinMesh","Cylinder","prop","Mat_GuardianGold",1,"Assets/Art/Characters/Monkey_DivineGuardian.prefab","Prefab",35,"semantic:guardian; project-art"
"CoinMesh","[--- 02_GAMEPLAY ---]/Coin_05/CoinMesh","Cylinder","prop","Mat_GuardianGold",2,"Assets/Art/Characters/Monkey_Guardian.prefab","Prefab",35,"semantic:guardian; project-art"
"CoinMesh","[--- 02_GAMEPLAY ---]/Coin_05/CoinMesh","Cylinder","prop","Mat_GuardianGold",3,"Assets/Art/Props/Prop_AncientCoin.prefab","Prefab",35,"semantic:coin; project-art"
"CoinMesh","[--- 02_GAMEPLAY ---]/Coin_05/CoinMesh","Cylinder","prop","Mat_GuardianGold",4,"Assets/Art/VFX/VFX_Guardian_Aura.prefab","Prefab",35,"semantic:guardian; project-art"
"CoinMesh","[--- 02_GAMEPLAY ---]/Coin_05/CoinMesh","Cylinder","prop","Mat_GuardianGold",5,"Assets/Supercyan Free Forest Sample/Prefabs/High Quality/Foliage/Grass/forestpack_foliage_grassPatch_small_1.prefab","Prefab",20,"high-quality"
"Fire_Hazard_Zone","[--- 02_GAMEPLAY ---]/Fire_Hazard_Zone","Cube","environment","Mat_Fire_Hazard",1,"Assets/Supercyan Free Forest Sample/Prefabs/High Quality/Foliage/Grass/forestpack_foliage_grassPatch_small_1.prefab","Prefab",20,"high-quality"
"Fire_Hazard_Zone","[--- 02_GAMEPLAY ---]/Fire_Hazard_Zone","Cube","environment","Mat_Fire_Hazard",2,"Assets/Supercyan Free Forest Sample/Prefabs/High Quality/Foliage/Grass/forestpack_foliage_grassPatch_small_2.prefab","Prefab",20,"high-quality"
"Fire_Hazard_Zone","[--- 02_GAMEPLAY ---]/Fire_Hazard_Zone","Cube","environment","Mat_Fire_Hazard",3,"Assets/Supercyan Free Forest Sample/Prefabs/High Quality/Foliage/Mushroom/forestpack_foliage_mushroom_blue_big.prefab","Prefab",20,"high-quality"
"Fire_Hazard_Zone","[--- 02_GAMEPLAY ---]/Fire_Hazard_Zone","Cube","environment","Mat_Fire_Hazard",4,"Assets/Supercyan Free Forest Sample/Prefabs/High Quality/Foliage/Mushroom/forestpack_foliage_mushroom_red_small.prefab","Prefab",20,"high-quality"
"Fire_Hazard_Zone","[--- 02_GAMEPLAY ---]/Fire_Hazard_Zone","Cube","environment","Mat_Fire_Hazard",5,"Assets/Supercyan Free Forest Sample/Prefabs/High Quality/Sign/forestpack_roadSign_westEast_1.prefab","Prefab",20,"high-quality"
"Body","[--- 02_GAMEPLAY ---]/Jungle_Guard_02/Body","Capsule","enemy","Mat_PredatorSkin",1,"Assets/Art/Enemies/Enemy_JunglePredator.prefab","Prefab",70,"semantic:predator; character-category; project-art"
"Body","[--- 02_GAMEPLAY ---]/Jungle_Guard_02/Body","Capsule","enemy","Mat_PredatorSkin",2,"Assets/Art/Characters/Monkey_Base.prefab","Prefab",45,"character-category; project-art"
"Body","[--- 02_GAMEPLAY ---]/Jungle_Guard_02/Body","Capsule","enemy","Mat_PredatorSkin",3,"Assets/Art/Characters/Monkey_DivineGuardian.prefab","Prefab",45,"character-category; project-art"
"Body","[--- 02_GAMEPLAY ---]/Jungle_Guard_02/Body","Capsule","enemy","Mat_PredatorSkin",4,"Assets/Art/Characters/Monkey_Guardian.prefab","Prefab",45,"character-category; project-art"
"Body","[--- 02_GAMEPLAY ---]/Jungle_Guard_02/Body","Capsule","enemy","Mat_PredatorSkin",5,"Assets/Art/Characters/Monkey_PrimalTitan.prefab","Prefab",45,"character-category; project-art"
"Head","[--- 02_GAMEPLAY ---]/Jungle_Guard_02/Head","Sphere","enemy","Mat_PredatorSkin",1,"Assets/Art/Enemies/Enemy_JunglePredator.prefab","Prefab",70,"semantic:predator; character-category; project-art"
"Head","[--- 02_GAMEPLAY ---]/Jungle_Guard_02/Head","Sphere","enemy","Mat_PredatorSkin",2,"Assets/Art/Characters/Monkey_Base.prefab","Prefab",45,"character-category; project-art"
"Head","[--- 02_GAMEPLAY ---]/Jungle_Guard_02/Head","Sphere","enemy","Mat_PredatorSkin",3,"Assets/Art/Characters/Monkey_DivineGuardian.prefab","Prefab",45,"character-category; project-art"
"Head","[--- 02_GAMEPLAY ---]/Jungle_Guard_02/Head","Sphere","enemy","Mat_PredatorSkin",4,"Assets/Art/Characters/Monkey_Guardian.prefab","Prefab",45,"character-category; project-art"
"Head","[--- 02_GAMEPLAY ---]/Jungle_Guard_02/Head","Sphere","enemy","Mat_PredatorSkin",5,"Assets/Art/Characters/Monkey_PrimalTitan.prefab","Prefab",45,"character-category; project-art"
"Leg_BL","[--- 02_GAMEPLAY ---]/Jungle_Guard_02/Leg_BL","Capsule","enemy","Mat_PredatorSkin",1,"Assets/Art/Enemies/Enemy_JunglePredator.prefab","Prefab",70,"semantic:predator; character-category; project-art"
"Leg_BL","[--- 02_GAMEPLAY ---]/Jungle_Guard_02/Leg_BL","Capsule","enemy","Mat_PredatorSkin",2,"Assets/Art/Characters/Monkey_Base.prefab","Prefab",45,"character-category; project-art"
"Leg_BL","[--- 02_GAMEPLAY ---]/Jungle_Guard_02/Leg_BL","Capsule","enemy","Mat_PredatorSkin",3,"Assets/Art/Characters/Monkey_DivineGuardian.prefab","Prefab",45,"character-category; project-art"
"Leg_BL","[--- 02_GAMEPLAY ---]/Jungle_Guard_02/Leg_BL","Capsule","enemy","Mat_PredatorSkin",4,"Assets/Art/Characters/Monkey_Guardian.prefab","Prefab",45,"character-category; project-art"
"Leg_BL","[--- 02_GAMEPLAY ---]/Jungle_Guard_02/Leg_BL","Capsule","enemy","Mat_PredatorSkin",5,"Assets/Art/Characters/Monkey_PrimalTitan.prefab","Prefab",45,"character-category; project-art"
"Leg_BR","[--- 02_GAMEPLAY ---]/Jungle_Guard_02/Leg_BR","Capsule","enemy","Mat_PredatorSkin",1,"Assets/Art/Enemies/Enemy_JunglePredator.prefab","Prefab",70,"semantic:predator; character-category; project-art"
"Leg_BR","[--- 02_GAMEPLAY ---]/Jungle_Guard_02/Leg_BR","Capsule","enemy","Mat_PredatorSkin",2,"Assets/Art/Characters/Monkey_Base.prefab","Prefab",45,"character-category; project-art"
"Leg_BR","[--- 02_GAMEPLAY ---]/Jungle_Guard_02/Leg_BR","Capsule","enemy","Mat_PredatorSkin",3,"Assets/Art/Characters/Monkey_DivineGuardian.prefab","Prefab",45,"character-category; project-art"
"Leg_BR","[--- 02_GAMEPLAY ---]/Jungle_Guard_02/Leg_BR","Capsule","enemy","Mat_PredatorSkin",4,"Assets/Art/Characters/Monkey_Guardian.prefab","Prefab",45,"character-category; project-art"
"Leg_BR","[--- 02_GAMEPLAY ---]/Jungle_Guard_02/Leg_BR","Capsule","enemy","Mat_PredatorSkin",5,"Assets/Art/Characters/Monkey_PrimalTitan.prefab","Prefab",45,"character-category; project-art"
"Leg_FL","[--- 02_GAMEPLAY ---]/Jungle_Guard_02/Leg_FL","Capsule","enemy","Mat_PredatorSkin",1,"Assets/Art/Enemies/Enemy_JunglePredator.prefab","Prefab",70,"semantic:predator; character-category; project-art"
"Leg_FL","[--- 02_GAMEPLAY ---]/Jungle_Guard_02/Leg_FL","Capsule","enemy","Mat_PredatorSkin",2,"Assets/Art/Characters/Monkey_Base.prefab","Prefab",45,"character-category; project-art"
"Leg_FL","[--- 02_GAMEPLAY ---]/Jungle_Guard_02/Leg_FL","Capsule","enemy","Mat_PredatorSkin",3,"Assets/Art/Characters/Monkey_DivineGuardian.prefab","Prefab",45,"character-category; project-art"
"Leg_FL","[--- 02_GAMEPLAY ---]/Jungle_Guard_02/Leg_FL","Capsule","enemy","Mat_PredatorSkin",4,"Assets/Art/Characters/Monkey_Guardian.prefab","Prefab",45,"character-category; project-art"
"Leg_FL","[--- 02_GAMEPLAY ---]/Jungle_Guard_02/Leg_FL","Capsule","enemy","Mat_PredatorSkin",5,"Assets/Art/Characters/Monkey_PrimalTitan.prefab","Prefab",45,"character-category; project-art"
"Leg_FR","[--- 02_GAMEPLAY ---]/Jungle_Guard_02/Leg_FR","Capsule","enemy","Mat_PredatorSkin",1,"Assets/Art/Enemies/Enemy_JunglePredator.prefab","Prefab",70,"semantic:predator; character-category; project-art"
"Leg_FR","[--- 02_GAMEPLAY ---]/Jungle_Guard_02/Leg_FR","Capsule","enemy","Mat_PredatorSkin",2,"Assets/Art/Characters/Monkey_Base.prefab","Prefab",45,"character-category; project-art"
"Leg_FR","[--- 02_GAMEPLAY ---]/Jungle_Guard_02/Leg_FR","Capsule","enemy","Mat_PredatorSkin",3,"Assets/Art/Characters/Monkey_DivineGuardian.prefab","Prefab",45,"character-category; project-art"
"Leg_FR","[--- 02_GAMEPLAY ---]/Jungle_Guard_02/Leg_FR","Capsule","enemy","Mat_PredatorSkin",4,"Assets/Art/Characters/Monkey_Guardian.prefab","Prefab",45,"character-category; project-art"
"Leg_FR","[--- 02_GAMEPLAY ---]/Jungle_Guard_02/Leg_FR","Capsule","enemy","Mat_PredatorSkin",5,"Assets/Art/Characters/Monkey_PrimalTitan.prefab","Prefab",45,"character-category; project-art"
"Body","[--- 02_GAMEPLAY ---]/Jungle_Predator_01/Body","Capsule","enemy","Mat_PredatorSkin",1,"Assets/Art/Enemies/Enemy_JunglePredator.prefab","Prefab",70,"semantic:predator; character-category; project-art"
"Body","[--- 02_GAMEPLAY ---]/Jungle_Predator_01/Body","Capsule","enemy","Mat_PredatorSkin",2,"Assets/Art/Characters/Monkey_Base.prefab","Prefab",45,"character-category; project-art"
"Body","[--- 02_GAMEPLAY ---]/Jungle_Predator_01/Body","Capsule","enemy","Mat_PredatorSkin",3,"Assets/Art/Characters/Monkey_DivineGuardian.prefab","Prefab",45,"character-category; project-art"
"Body","[--- 02_GAMEPLAY ---]/Jungle_Predator_01/Body","Capsule","enemy","Mat_PredatorSkin",4,"Assets/Art/Characters/Monkey_Guardian.prefab","Prefab",45,"character-category; project-art"
"Body","[--- 02_GAMEPLAY ---]/Jungle_Predator_01/Body","Capsule","enemy","Mat_PredatorSkin",5,"Assets/Art/Characters/Monkey_PrimalTitan.prefab","Prefab",45,"character-category; project-art"
"Head","[--- 02_GAMEPLAY ---]/Jungle_Predator_01/Head","Sphere","enemy","Mat_PredatorSkin",1,"Assets/Art/Enemies/Enemy_JunglePredator.prefab","Prefab",70,"semantic:predator; character-category; project-art"
"Head","[--- 02_GAMEPLAY ---]/Jungle_Predator_01/Head","Sphere","enemy","Mat_PredatorSkin",2,"Assets/Art/Characters/Monkey_Base.prefab","Prefab",45,"character-category; project-art"
"Head","[--- 02_GAMEPLAY ---]/Jungle_Predator_01/Head","Sphere","enemy","Mat_PredatorSkin",3,"Assets/Art/Characters/Monkey_DivineGuardian.prefab","Prefab",45,"character-category; project-art"
"Head","[--- 02_GAMEPLAY ---]/Jungle_Predator_01/Head","Sphere","enemy","Mat_PredatorSkin",4,"Assets/Art/Characters/Monkey_Guardian.prefab","Prefab",45,"character-category; project-art"
"Head","[--- 02_GAMEPLAY ---]/Jungle_Predator_01/Head","Sphere","enemy","Mat_PredatorSkin",5,"Assets/Art/Characters/Monkey_PrimalTitan.prefab","Prefab",45,"character-category; project-art"
"Leg_BL","[--- 02_GAMEPLAY ---]/Jungle_Predator_01/Leg_BL","Capsule","enemy","Mat_PredatorSkin",1,"Assets/Art/Enemies/Enemy_JunglePredator.prefab","Prefab",70,"semantic:predator; character-category; project-art"
"Leg_BL","[--- 02_GAMEPLAY ---]/Jungle_Predator_01/Leg_BL","Capsule","enemy","Mat_PredatorSkin",2,"Assets/Art/Characters/Monkey_Base.prefab","Prefab",45,"character-category; project-art"
"Leg_BL","[--- 02_GAMEPLAY ---]/Jungle_Predator_01/Leg_BL","Capsule","enemy","Mat_PredatorSkin",3,"Assets/Art/Characters/Monkey_DivineGuardian.prefab","Prefab",45,"character-category; project-art"
"Leg_BL","[--- 02_GAMEPLAY ---]/Jungle_Predator_01/Leg_BL","Capsule","enemy","Mat_PredatorSkin",4,"Assets/Art/Characters/Monkey_Guardian.prefab","Prefab",45,"character-category; project-art"
"Leg_BL","[--- 02_GAMEPLAY ---]/Jungle_Predator_01/Leg_BL","Capsule","enemy","Mat_PredatorSkin",5,"Assets/Art/Characters/Monkey_PrimalTitan.prefab","Prefab",45,"character-category; project-art"
"Leg_BR","[--- 02_GAMEPLAY ---]/Jungle_Predator_01/Leg_BR","Capsule","enemy","Mat_PredatorSkin",1,"Assets/Art/Enemies/Enemy_JunglePredator.prefab","Prefab",70,"semantic:predator; character-category; project-art"
"Leg_BR","[--- 02_GAMEPLAY ---]/Jungle_Predator_01/Leg_BR","Capsule","enemy","Mat_PredatorSkin",2,"Assets/Art/Characters/Monkey_Base.prefab","Prefab",45,"character-category; project-art"
"Leg_BR","[--- 02_GAMEPLAY ---]/Jungle_Predator_01/Leg_BR","Capsule","enemy","Mat_PredatorSkin",3,"Assets/Art/Characters/Monkey_DivineGuardian.prefab","Prefab",45,"character-category; project-art"
"Leg_BR","[--- 02_GAMEPLAY ---]/Jungle_Predator_01/Leg_BR","Capsule","enemy","Mat_PredatorSkin",4,"Assets/Art/Characters/Monkey_Guardian.prefab","Prefab",45,"character-category; project-art"
"Leg_BR","[--- 02_GAMEPLAY ---]/Jungle_Predator_01/Leg_BR","Capsule","enemy","Mat_PredatorSkin",5,"Assets/Art/Characters/Monkey_PrimalTitan.prefab","Prefab",45,"character-category; project-art"
"Leg_FL","[--- 02_GAMEPLAY ---]/Jungle_Predator_01/Leg_FL","Capsule","enemy","Mat_PredatorSkin",1,"Assets/Art/Enemies/Enemy_JunglePredator.prefab","Prefab",70,"semantic:predator; character-category; project-art"
"Leg_FL","[--- 02_GAMEPLAY ---]/Jungle_Predator_01/Leg_FL","Capsule","enemy","Mat_PredatorSkin",2,"Assets/Art/Characters/Monkey_Base.prefab","Prefab",45,"character-category; project-art"
"Leg_FL","[--- 02_GAMEPLAY ---]/Jungle_Predator_01/Leg_FL","Capsule","enemy","Mat_PredatorSkin",3,"Assets/Art/Characters/Monkey_DivineGuardian.prefab","Prefab",45,"character-category; project-art"
"Leg_FL","[--- 02_GAMEPLAY ---]/Jungle_Predator_01/Leg_FL","Capsule","enemy","Mat_PredatorSkin",4,"Assets/Art/Characters/Monkey_Guardian.prefab","Prefab",45,"character-category; project-art"
"Leg_FL","[--- 02_GAMEPLAY ---]/Jungle_Predator_01/Leg_FL","Capsule","enemy","Mat_PredatorSkin",5,"Assets/Art/Characters/Monkey_PrimalTitan.prefab","Prefab",45,"character-category; project-art"
"Leg_FR","[--- 02_GAMEPLAY ---]/Jungle_Predator_01/Leg_FR","Capsule","enemy","Mat_PredatorSkin",1,"Assets/Art/Enemies/Enemy_JunglePredator.prefab","Prefab",70,"semantic:predator; character-category; project-art"
"Leg_FR","[--- 02_GAMEPLAY ---]/Jungle_Predator_01/Leg_FR","Capsule","enemy","Mat_PredatorSkin",2,"Assets/Art/Characters/Monkey_Base.prefab","Prefab",45,"character-category; project-art"
"Leg_FR","[--- 02_GAMEPLAY ---]/Jungle_Predator_01/Leg_FR","Capsule","enemy","Mat_PredatorSkin",3,"Assets/Art/Characters/Monkey_DivineGuardian.prefab","Prefab",45,"character-category; project-art"
"Leg_FR","[--- 02_GAMEPLAY ---]/Jungle_Predator_01/Leg_FR","Capsule","enemy","Mat_PredatorSkin",4,"Assets/Art/Characters/Monkey_Guardian.prefab","Prefab",45,"character-category; project-art"
"Leg_FR","[--- 02_GAMEPLAY ---]/Jungle_Predator_01/Leg_FR","Capsule","enemy","Mat_PredatorSkin",5,"Assets/Art/Characters/Monkey_PrimalTitan.prefab","Prefab",45,"character-category; project-art"
"Level_01_Complete_Gateway","[--- 02_GAMEPLAY ---]/Level_01_Complete_Gateway","Cylinder","prop","Mat_Gateway_Portal",1,"Assets/Art/VFX/VFX_Portal_Vortex.prefab","Prefab",35,"semantic:portal; project-art"
"Level_01_Complete_Gateway","[--- 02_GAMEPLAY ---]/Level_01_Complete_Gateway","Cylinder","prop","Mat_Gateway_Portal",2,"Assets/Supercyan Free Forest Sample/Prefabs/High Quality/Foliage/Grass/forestpack_foliage_grassPatch_small_1.prefab","Prefab",20,"high-quality"
"Level_01_Complete_Gateway","[--- 02_GAMEPLAY ---]/Level_01_Complete_Gateway","Cylinder","prop","Mat_Gateway_Portal",3,"Assets/Supercyan Free Forest Sample/Prefabs/High Quality/Foliage/Grass/forestpack_foliage_grassPatch_small_2.prefab","Prefab",20,"high-quality"
"Level_01_Complete_Gateway","[--- 02_GAMEPLAY ---]/Level_01_Complete_Gateway","Cylinder","prop","Mat_Gateway_Portal",4,"Assets/Supercyan Free Forest Sample/Prefabs/High Quality/Foliage/Mushroom/forestpack_foliage_mushroom_blue_big.prefab","Prefab",20,"high-quality"
"Level_01_Complete_Gateway","[--- 02_GAMEPLAY ---]/Level_01_Complete_Gateway","Cylinder","prop","Mat_Gateway_Portal",5,"Assets/Supercyan Free Forest Sample/Prefabs/High Quality/Foliage/Mushroom/forestpack_foliage_mushroom_red_small.prefab","Prefab",20,"high-quality"
"Arm_L","[--- 02_GAMEPLAY ---]/Player/ModelHolder/Monkey_Base/Arm_L","Capsule","character","Mat_MonkeyFur",1,"Assets/Art/Characters/Monkey_Base.prefab","Prefab",70,"semantic:monkey; character-category; project-art"
"Arm_L","[--- 02_GAMEPLAY ---]/Player/ModelHolder/Monkey_Base/Arm_L","Capsule","character","Mat_MonkeyFur",2,"Assets/Art/Characters/Monkey_DivineGuardian.prefab","Prefab",70,"semantic:monkey; character-category; project-art"
"Arm_L","[--- 02_GAMEPLAY ---]/Player/ModelHolder/Monkey_Base/Arm_L","Capsule","character","Mat_MonkeyFur",3,"Assets/Art/Characters/Monkey_Guardian.prefab","Prefab",70,"semantic:monkey; character-category; project-art"
"Arm_L","[--- 02_GAMEPLAY ---]/Player/ModelHolder/Monkey_Base/Arm_L","Capsule","character","Mat_MonkeyFur",4,"Assets/Art/Characters/Monkey_PrimalTitan.prefab","Prefab",70,"semantic:monkey; character-category; project-art"
"Arm_L","[--- 02_GAMEPLAY ---]/Player/ModelHolder/Monkey_Base/Arm_L","Capsule","character","Mat_MonkeyFur",5,"Assets/Art/player/B3_Monkey/FbxUnity/Monkey_B3.Fbx","Model",70,"semantic:monkey; character-category; project-art"
"Arm_R","[--- 02_GAMEPLAY ---]/Player/ModelHolder/Monkey_Base/Arm_R","Capsule","character","Mat_MonkeyFur",1,"Assets/Art/Characters/Monkey_Base.prefab","Prefab",70,"semantic:monkey; character-category; project-art"
"Arm_R","[--- 02_GAMEPLAY ---]/Player/ModelHolder/Monkey_Base/Arm_R","Capsule","character","Mat_MonkeyFur",2,"Assets/Art/Characters/Monkey_DivineGuardian.prefab","Prefab",70,"semantic:monkey; character-category; project-art"
"Arm_R","[--- 02_GAMEPLAY ---]/Player/ModelHolder/Monkey_Base/Arm_R","Capsule","character","Mat_MonkeyFur",3,"Assets/Art/Characters/Monkey_Guardian.prefab","Prefab",70,"semantic:monkey; character-category; project-art"
"Arm_R","[--- 02_GAMEPLAY ---]/Player/ModelHolder/Monkey_Base/Arm_R","Capsule","character","Mat_MonkeyFur",4,"Assets/Art/Characters/Monkey_PrimalTitan.prefab","Prefab",70,"semantic:monkey; character-category; project-art"
"Arm_R","[--- 02_GAMEPLAY ---]/Player/ModelHolder/Monkey_Base/Arm_R","Capsule","character","Mat_MonkeyFur",5,"Assets/Art/player/B3_Monkey/FbxUnity/Monkey_B3.Fbx","Model",70,"semantic:monkey; character-category; project-art"
"Head","[--- 02_GAMEPLAY ---]/Player/ModelHolder/Monkey_Base/Head","Sphere","character","Mat_MonkeyFur",1,"Assets/Art/Characters/Monkey_Base.prefab","Prefab",70,"semantic:monkey; character-category; project-art"
"Head","[--- 02_GAMEPLAY ---]/Player/ModelHolder/Monkey_Base/Head","Sphere","character","Mat_MonkeyFur",2,"Assets/Art/Characters/Monkey_DivineGuardian.prefab","Prefab",70,"semantic:monkey; character-category; project-art"
"Head","[--- 02_GAMEPLAY ---]/Player/ModelHolder/Monkey_Base/Head","Sphere","character","Mat_MonkeyFur",3,"Assets/Art/Characters/Monkey_Guardian.prefab","Prefab",70,"semantic:monkey; character-category; project-art"
"Head","[--- 02_GAMEPLAY ---]/Player/ModelHolder/Monkey_Base/Head","Sphere","character","Mat_MonkeyFur",4,"Assets/Art/Characters/Monkey_PrimalTitan.prefab","Prefab",70,"semantic:monkey; character-category; project-art"
"Head","[--- 02_GAMEPLAY ---]/Player/ModelHolder/Monkey_Base/Head","Sphere","character","Mat_MonkeyFur",5,"Assets/Art/player/B3_Monkey/FbxUnity/Monkey_B3.Fbx","Model",70,"semantic:monkey; character-category; project-art"
"Ear_L","[--- 02_GAMEPLAY ---]/Player/ModelHolder/Monkey_Base/Head/Ear_L","Sphere","character","Mat_MonkeySkin",1,"Assets/Art/Characters/Monkey_Base.prefab","Prefab",70,"semantic:monkey; character-category; project-art"
"Ear_L","[--- 02_GAMEPLAY ---]/Player/ModelHolder/Monkey_Base/Head/Ear_L","Sphere","character","Mat_MonkeySkin",2,"Assets/Art/Characters/Monkey_DivineGuardian.prefab","Prefab",70,"semantic:monkey; character-category; project-art"
"Ear_L","[--- 02_GAMEPLAY ---]/Player/ModelHolder/Monkey_Base/Head/Ear_L","Sphere","character","Mat_MonkeySkin",3,"Assets/Art/Characters/Monkey_Guardian.prefab","Prefab",70,"semantic:monkey; character-category; project-art"
"Ear_L","[--- 02_GAMEPLAY ---]/Player/ModelHolder/Monkey_Base/Head/Ear_L","Sphere","character","Mat_MonkeySkin",4,"Assets/Art/Characters/Monkey_PrimalTitan.prefab","Prefab",70,"semantic:monkey; character-category; project-art"
"Ear_L","[--- 02_GAMEPLAY ---]/Player/ModelHolder/Monkey_Base/Head/Ear_L","Sphere","character","Mat_MonkeySkin",5,"Assets/Art/player/B3_Monkey/FbxUnity/Monkey_B3.Fbx","Model",70,"semantic:monkey; character-category; project-art"
"Ear_R","[--- 02_GAMEPLAY ---]/Player/ModelHolder/Monkey_Base/Head/Ear_R","Sphere","character","Mat_MonkeySkin",1,"Assets/Art/Characters/Monkey_Base.prefab","Prefab",70,"semantic:monkey; character-category; project-art"
"Ear_R","[--- 02_GAMEPLAY ---]/Player/ModelHolder/Monkey_Base/Head/Ear_R","Sphere","character","Mat_MonkeySkin",2,"Assets/Art/Characters/Monkey_DivineGuardian.prefab","Prefab",70,"semantic:monkey; character-category; project-art"
"Ear_R","[--- 02_GAMEPLAY ---]/Player/ModelHolder/Monkey_Base/Head/Ear_R","Sphere","character","Mat_MonkeySkin",3,"Assets/Art/Characters/Monkey_Guardian.prefab","Prefab",70,"semantic:monkey; character-category; project-art"
"Ear_R","[--- 02_GAMEPLAY ---]/Player/ModelHolder/Monkey_Base/Head/Ear_R","Sphere","character","Mat_MonkeySkin",4,"Assets/Art/Characters/Monkey_PrimalTitan.prefab","Prefab",70,"semantic:monkey; character-category; project-art"
"Ear_R","[--- 02_GAMEPLAY ---]/Player/ModelHolder/Monkey_Base/Head/Ear_R","Sphere","character","Mat_MonkeySkin",5,"Assets/Art/player/B3_Monkey/FbxUnity/Monkey_B3.Fbx","Model",70,"semantic:monkey; character-category; project-art"
"Snout","[--- 02_GAMEPLAY ---]/Player/ModelHolder/Monkey_Base/Head/Snout","Sphere","character","Mat_MonkeySkin",1,"Assets/Art/Characters/Monkey_Base.prefab","Prefab",70,"semantic:monkey; character-category; project-art"
"Snout","[--- 02_GAMEPLAY ---]/Player/ModelHolder/Monkey_Base/Head/Snout","Sphere","character","Mat_MonkeySkin",2,"Assets/Art/Characters/Monkey_DivineGuardian.prefab","Prefab",70,"semantic:monkey; character-category; project-art"
"Snout","[--- 02_GAMEPLAY ---]/Player/ModelHolder/Monkey_Base/Head/Snout","Sphere","character","Mat_MonkeySkin",3,"Assets/Art/Characters/Monkey_Guardian.prefab","Prefab",70,"semantic:monkey; character-category; project-art"
"Snout","[--- 02_GAMEPLAY ---]/Player/ModelHolder/Monkey_Base/Head/Snout","Sphere","character","Mat_MonkeySkin",4,"Assets/Art/Characters/Monkey_PrimalTitan.prefab","Prefab",70,"semantic:monkey; character-category; project-art"
"Snout","[--- 02_GAMEPLAY ---]/Player/ModelHolder/Monkey_Base/Head/Snout","Sphere","character","Mat_MonkeySkin",5,"Assets/Art/player/B3_Monkey/FbxUnity/Monkey_B3.Fbx","Model",70,"semantic:monkey; character-category; project-art"
"Leg_L","[--- 02_GAMEPLAY ---]/Player/ModelHolder/Monkey_Base/Leg_L","Capsule","character","Mat_MonkeyFur",1,"Assets/Art/Characters/Monkey_Base.prefab","Prefab",70,"semantic:monkey; character-category; project-art"
"Leg_L","[--- 02_GAMEPLAY ---]/Player/ModelHolder/Monkey_Base/Leg_L","Capsule","character","Mat_MonkeyFur",2,"Assets/Art/Characters/Monkey_DivineGuardian.prefab","Prefab",70,"semantic:monkey; character-category; project-art"
"Leg_L","[--- 02_GAMEPLAY ---]/Player/ModelHolder/Monkey_Base/Leg_L","Capsule","character","Mat_MonkeyFur",3,"Assets/Art/Characters/Monkey_Guardian.prefab","Prefab",70,"semantic:monkey; character-category; project-art"
"Leg_L","[--- 02_GAMEPLAY ---]/Player/ModelHolder/Monkey_Base/Leg_L","Capsule","character","Mat_MonkeyFur",4,"Assets/Art/Characters/Monkey_PrimalTitan.prefab","Prefab",70,"semantic:monkey; character-category; project-art"
"Leg_L","[--- 02_GAMEPLAY ---]/Player/ModelHolder/Monkey_Base/Leg_L","Capsule","character","Mat_MonkeyFur",5,"Assets/Art/player/B3_Monkey/FbxUnity/Monkey_B3.Fbx","Model",70,"semantic:monkey; character-category; project-art"
"Leg_R","[--- 02_GAMEPLAY ---]/Player/ModelHolder/Monkey_Base/Leg_R","Capsule","character","Mat_MonkeyFur",1,"Assets/Art/Characters/Monkey_Base.prefab","Prefab",70,"semantic:monkey; character-category; project-art"
"Leg_R","[--- 02_GAMEPLAY ---]/Player/ModelHolder/Monkey_Base/Leg_R","Capsule","character","Mat_MonkeyFur",2,"Assets/Art/Characters/Monkey_DivineGuardian.prefab","Prefab",70,"semantic:monkey; character-category; project-art"
"Leg_R","[--- 02_GAMEPLAY ---]/Player/ModelHolder/Monkey_Base/Leg_R","Capsule","character","Mat_MonkeyFur",3,"Assets/Art/Characters/Monkey_Guardian.prefab","Prefab",70,"semantic:monkey; character-category; project-art"
"Leg_R","[--- 02_GAMEPLAY ---]/Player/ModelHolder/Monkey_Base/Leg_R","Capsule","character","Mat_MonkeyFur",4,"Assets/Art/Characters/Monkey_PrimalTitan.prefab","Prefab",70,"semantic:monkey; character-category; project-art"
"Leg_R","[--- 02_GAMEPLAY ---]/Player/ModelHolder/Monkey_Base/Leg_R","Capsule","character","Mat_MonkeyFur",5,"Assets/Art/player/B3_Monkey/FbxUnity/Monkey_B3.Fbx","Model",70,"semantic:monkey; character-category; project-art"
"Tail","[--- 02_GAMEPLAY ---]/Player/ModelHolder/Monkey_Base/Tail","Cylinder","character","Mat_MonkeyFur",1,"Assets/Art/Characters/Monkey_Base.prefab","Prefab",70,"semantic:monkey; character-category; project-art"
"Tail","[--- 02_GAMEPLAY ---]/Player/ModelHolder/Monkey_Base/Tail","Cylinder","character","Mat_MonkeyFur",2,"Assets/Art/Characters/Monkey_DivineGuardian.prefab","Prefab",70,"semantic:monkey; character-category; project-art"
"Tail","[--- 02_GAMEPLAY ---]/Player/ModelHolder/Monkey_Base/Tail","Cylinder","character","Mat_MonkeyFur",3,"Assets/Art/Characters/Monkey_Guardian.prefab","Prefab",70,"semantic:monkey; character-category; project-art"
"Tail","[--- 02_GAMEPLAY ---]/Player/ModelHolder/Monkey_Base/Tail","Cylinder","character","Mat_MonkeyFur",4,"Assets/Art/Characters/Monkey_PrimalTitan.prefab","Prefab",70,"semantic:monkey; character-category; project-art"
"Tail","[--- 02_GAMEPLAY ---]/Player/ModelHolder/Monkey_Base/Tail","Cylinder","character","Mat_MonkeyFur",5,"Assets/Art/player/B3_Monkey/FbxUnity/Monkey_B3.Fbx","Model",70,"semantic:monkey; character-category; project-art"
"Torso","[--- 02_GAMEPLAY ---]/Player/ModelHolder/Monkey_Base/Torso","Capsule","character","Mat_MonkeyFur",1,"Assets/Art/Characters/Monkey_Base.prefab","Prefab",70,"semantic:monkey; character-category; project-art"
"Torso","[--- 02_GAMEPLAY ---]/Player/ModelHolder/Monkey_Base/Torso","Capsule","character","Mat_MonkeyFur",2,"Assets/Art/Characters/Monkey_DivineGuardian.prefab","Prefab",70,"semantic:monkey; character-category; project-art"
"Torso","[--- 02_GAMEPLAY ---]/Player/ModelHolder/Monkey_Base/Torso","Capsule","character","Mat_MonkeyFur",3,"Assets/Art/Characters/Monkey_Guardian.prefab","Prefab",70,"semantic:monkey; character-category; project-art"
"Torso","[--- 02_GAMEPLAY ---]/Player/ModelHolder/Monkey_Base/Torso","Capsule","character","Mat_MonkeyFur",4,"Assets/Art/Characters/Monkey_PrimalTitan.prefab","Prefab",70,"semantic:monkey; character-category; project-art"
"Torso","[--- 02_GAMEPLAY ---]/Player/ModelHolder/Monkey_Base/Torso","Capsule","character","Mat_MonkeyFur",5,"Assets/Art/player/B3_Monkey/FbxUnity/Monkey_B3.Fbx","Model",70,"semantic:monkey; character-category; project-art"
"Chest","[--- 02_GAMEPLAY ---]/Player/ModelHolder/Monkey_Base/Torso/Chest","Sphere","character","Mat_MonkeySkin",1,"Assets/Art/Characters/Monkey_Base.prefab","Prefab",70,"semantic:monkey; character-category; project-art"
"Chest","[--- 02_GAMEPLAY ---]/Player/ModelHolder/Monkey_Base/Torso/Chest","Sphere","character","Mat_MonkeySkin",2,"Assets/Art/Characters/Monkey_DivineGuardian.prefab","Prefab",70,"semantic:monkey; character-category; project-art"
"Chest","[--- 02_GAMEPLAY ---]/Player/ModelHolder/Monkey_Base/Torso/Chest","Sphere","character","Mat_MonkeySkin",3,"Assets/Art/Characters/Monkey_Guardian.prefab","Prefab",70,"semantic:monkey; character-category; project-art"
"Chest","[--- 02_GAMEPLAY ---]/Player/ModelHolder/Monkey_Base/Torso/Chest","Sphere","character","Mat_MonkeySkin",4,"Assets/Art/Characters/Monkey_PrimalTitan.prefab","Prefab",70,"semantic:monkey; character-category; project-art"
"Chest","[--- 02_GAMEPLAY ---]/Player/ModelHolder/Monkey_Base/Torso/Chest","Sphere","character","Mat_MonkeySkin",5,"Assets/Art/player/B3_Monkey/FbxUnity/Monkey_B3.Fbx","Model",70,"semantic:monkey; character-category; project-art"
"Lintel","[--- 02_GAMEPLAY ---]/Ruins_AncientArch/Lintel","Cube","ruins","Mat_AncientStone",1,"Assets/Art/Environment/Ruins/Ruins_AncientArch.prefab","Prefab",60,"semantic:ruin; semantic:ancient; project-art"
"Lintel","[--- 02_GAMEPLAY ---]/Ruins_AncientArch/Lintel","Cube","ruins","Mat_AncientStone",2,"Assets/Art/Environment/Ruins/Ruins_HeavyStoneDoor.prefab","Prefab",60,"semantic:stone; semantic:ruin; project-art"
"Lintel","[--- 02_GAMEPLAY ---]/Ruins_AncientArch/Lintel","Cube","ruins","Mat_AncientStone",3,"Assets/HD_Jungle_Assets/Stones/HD_Stone_AncientPillar_01.prefab","Prefab",50,"semantic:stone; semantic:ancient"
"Lintel","[--- 02_GAMEPLAY ---]/Ruins_AncientArch/Lintel","Cube","ruins","Mat_AncientStone",4,"Assets/Supercyan Free Forest Sample/Prefabs/High Quality/Stone/forestpack_stone_large_1.prefab","Prefab",45,"semantic:stone; high-quality"
"Lintel","[--- 02_GAMEPLAY ---]/Ruins_AncientArch/Lintel","Cube","ruins","Mat_AncientStone",5,"Assets/Supercyan Free Forest Sample/Prefabs/High Quality/Stone/forestpack_stone_medium_1.prefab","Prefab",45,"semantic:stone; high-quality"
"Pillar_L","[--- 02_GAMEPLAY ---]/Ruins_AncientArch/Pillar_L","Cube","ruins","Mat_AncientStone",1,"Assets/Art/Environment/Ruins/Ruins_AncientArch.prefab","Prefab",60,"semantic:ruin; semantic:ancient; project-art"
"Pillar_L","[--- 02_GAMEPLAY ---]/Ruins_AncientArch/Pillar_L","Cube","ruins","Mat_AncientStone",2,"Assets/Art/Environment/Ruins/Ruins_HeavyStoneDoor.prefab","Prefab",60,"semantic:stone; semantic:ruin; project-art"
"Pillar_L","[--- 02_GAMEPLAY ---]/Ruins_AncientArch/Pillar_L","Cube","ruins","Mat_AncientStone",3,"Assets/HD_Jungle_Assets/Stones/HD_Stone_AncientPillar_01.prefab","Prefab",50,"semantic:stone; semantic:ancient"
"Pillar_L","[--- 02_GAMEPLAY ---]/Ruins_AncientArch/Pillar_L","Cube","ruins","Mat_AncientStone",4,"Assets/Supercyan Free Forest Sample/Prefabs/High Quality/Stone/forestpack_stone_large_1.prefab","Prefab",45,"semantic:stone; high-quality"
"Pillar_L","[--- 02_GAMEPLAY ---]/Ruins_AncientArch/Pillar_L","Cube","ruins","Mat_AncientStone",5,"Assets/Supercyan Free Forest Sample/Prefabs/High Quality/Stone/forestpack_stone_medium_1.prefab","Prefab",45,"semantic:stone; high-quality"
"Pillar_R","[--- 02_GAMEPLAY ---]/Ruins_AncientArch/Pillar_R","Cube","ruins","Mat_AncientStone",1,"Assets/Art/Environment/Ruins/Ruins_AncientArch.prefab","Prefab",60,"semantic:ruin; semantic:ancient; project-art"
"Pillar_R","[--- 02_GAMEPLAY ---]/Ruins_AncientArch/Pillar_R","Cube","ruins","Mat_AncientStone",2,"Assets/Art/Environment/Ruins/Ruins_HeavyStoneDoor.prefab","Prefab",60,"semantic:stone; semantic:ruin; project-art"
"Pillar_R","[--- 02_GAMEPLAY ---]/Ruins_AncientArch/Pillar_R","Cube","ruins","Mat_AncientStone",3,"Assets/HD_Jungle_Assets/Stones/HD_Stone_AncientPillar_01.prefab","Prefab",50,"semantic:stone; semantic:ancient"
"Pillar_R","[--- 02_GAMEPLAY ---]/Ruins_AncientArch/Pillar_R","Cube","ruins","Mat_AncientStone",4,"Assets/Supercyan Free Forest Sample/Prefabs/High Quality/Stone/forestpack_stone_large_1.prefab","Prefab",45,"semantic:stone; high-quality"
"Pillar_R","[--- 02_GAMEPLAY ---]/Ruins_AncientArch/Pillar_R","Cube","ruins","Mat_AncientStone",5,"Assets/Supercyan Free Forest Sample/Prefabs/High Quality/Stone/forestpack_stone_medium_1.prefab","Prefab",45,"semantic:stone; high-quality"
"Pedestal","[--- 02_GAMEPLAY ---]/Rune_Switch_Center/Pedestal","Cylinder","ruins","Mat_AncientStone",1,"Assets/Art/Environment/Ruins/Ruins_RunePedestal.prefab","Prefab",60,"semantic:rune; semantic:pedestal; project-art"
"Pedestal","[--- 02_GAMEPLAY ---]/Rune_Switch_Center/Pedestal","Cylinder","ruins","Mat_AncientStone",2,"Assets/HD_Jungle_Assets/Stones/HD_Stone_AncientPillar_01.prefab","Prefab",50,"semantic:stone; semantic:ancient"
"Pedestal","[--- 02_GAMEPLAY ---]/Rune_Switch_Center/Pedestal","Cylinder","ruins","Mat_AncientStone",3,"Assets/Supercyan Free Forest Sample/Prefabs/High Quality/Stone/forestpack_stone_large_1.prefab","Prefab",45,"semantic:stone; high-quality"
"Pedestal","[--- 02_GAMEPLAY ---]/Rune_Switch_Center/Pedestal","Cylinder","ruins","Mat_AncientStone",4,"Assets/Supercyan Free Forest Sample/Prefabs/High Quality/Stone/forestpack_stone_medium_1.prefab","Prefab",45,"semantic:stone; high-quality"
"Pedestal","[--- 02_GAMEPLAY ---]/Rune_Switch_Center/Pedestal","Cylinder","ruins","Mat_AncientStone",5,"Assets/Art/Bosses/Boss_StoneGolem.prefab","Prefab",35,"semantic:stone; project-art"
"RuneGem","[--- 02_GAMEPLAY ---]/Rune_Switch_Center/RuneGem","Sphere","ruins","Mat_RuneActiveGlow",1,"Assets/Art/Environment/Ruins/Ruins_RunePedestal.prefab","Prefab",35,"semantic:rune; project-art"
"RuneGem","[--- 02_GAMEPLAY ---]/Rune_Switch_Center/RuneGem","Sphere","ruins","Mat_RuneActiveGlow",2,"Assets/Art/VFX/VFX_Rune_ActivationGlow.prefab","Prefab",35,"semantic:rune; project-art"
"RuneGem","[--- 02_GAMEPLAY ---]/Rune_Switch_Center/RuneGem","Sphere","ruins","Mat_RuneActiveGlow",3,"Assets/Supercyan Free Forest Sample/Prefabs/High Quality/Foliage/Grass/forestpack_foliage_grassPatch_small_1.prefab","Prefab",20,"high-quality"
"RuneGem","[--- 02_GAMEPLAY ---]/Rune_Switch_Center/RuneGem","Sphere","ruins","Mat_RuneActiveGlow",4,"Assets/Supercyan Free Forest Sample/Prefabs/High Quality/Foliage/Grass/forestpack_foliage_grassPatch_small_2.prefab","Prefab",20,"high-quality"
"RuneGem","[--- 02_GAMEPLAY ---]/Rune_Switch_Center/RuneGem","Sphere","ruins","Mat_RuneActiveGlow",5,"Assets/Supercyan Free Forest Sample/Prefabs/High Quality/Foliage/Mushroom/forestpack_foliage_mushroom_blue_big.prefab","Prefab",20,"high-quality"
"Pedestal","[--- 02_GAMEPLAY ---]/Rune_Switch_Left/Pedestal","Cylinder","ruins","Mat_AncientStone",1,"Assets/Art/Environment/Ruins/Ruins_RunePedestal.prefab","Prefab",60,"semantic:rune; semantic:pedestal; project-art"
"Pedestal","[--- 02_GAMEPLAY ---]/Rune_Switch_Left/Pedestal","Cylinder","ruins","Mat_AncientStone",2,"Assets/HD_Jungle_Assets/Stones/HD_Stone_AncientPillar_01.prefab","Prefab",50,"semantic:stone; semantic:ancient"
"Pedestal","[--- 02_GAMEPLAY ---]/Rune_Switch_Left/Pedestal","Cylinder","ruins","Mat_AncientStone",3,"Assets/Supercyan Free Forest Sample/Prefabs/High Quality/Stone/forestpack_stone_large_1.prefab","Prefab",45,"semantic:stone; high-quality"
"Pedestal","[--- 02_GAMEPLAY ---]/Rune_Switch_Left/Pedestal","Cylinder","ruins","Mat_AncientStone",4,"Assets/Supercyan Free Forest Sample/Prefabs/High Quality/Stone/forestpack_stone_medium_1.prefab","Prefab",45,"semantic:stone; high-quality"
"Pedestal","[--- 02_GAMEPLAY ---]/Rune_Switch_Left/Pedestal","Cylinder","ruins","Mat_AncientStone",5,"Assets/Art/Bosses/Boss_StoneGolem.prefab","Prefab",35,"semantic:stone; project-art"
"RuneGem","[--- 02_GAMEPLAY ---]/Rune_Switch_Left/RuneGem","Sphere","ruins","Mat_RuneActiveGlow",1,"Assets/Art/Environment/Ruins/Ruins_RunePedestal.prefab","Prefab",35,"semantic:rune; project-art"
"RuneGem","[--- 02_GAMEPLAY ---]/Rune_Switch_Left/RuneGem","Sphere","ruins","Mat_RuneActiveGlow",2,"Assets/Art/VFX/VFX_Rune_ActivationGlow.prefab","Prefab",35,"semantic:rune; project-art"
"RuneGem","[--- 02_GAMEPLAY ---]/Rune_Switch_Left/RuneGem","Sphere","ruins","Mat_RuneActiveGlow",3,"Assets/Supercyan Free Forest Sample/Prefabs/High Quality/Foliage/Grass/forestpack_foliage_grassPatch_small_1.prefab","Prefab",20,"high-quality"
"RuneGem","[--- 02_GAMEPLAY ---]/Rune_Switch_Left/RuneGem","Sphere","ruins","Mat_RuneActiveGlow",4,"Assets/Supercyan Free Forest Sample/Prefabs/High Quality/Foliage/Grass/forestpack_foliage_grassPatch_small_2.prefab","Prefab",20,"high-quality"
"RuneGem","[--- 02_GAMEPLAY ---]/Rune_Switch_Left/RuneGem","Sphere","ruins","Mat_RuneActiveGlow",5,"Assets/Supercyan Free Forest Sample/Prefabs/High Quality/Foliage/Mushroom/forestpack_foliage_mushroom_blue_big.prefab","Prefab",20,"high-quality"
"Pedestal","[--- 02_GAMEPLAY ---]/Rune_Switch_Right/Pedestal","Cylinder","ruins","Mat_AncientStone",1,"Assets/Art/Environment/Ruins/Ruins_RunePedestal.prefab","Prefab",60,"semantic:rune; semantic:pedestal; project-art"
"Pedestal","[--- 02_GAMEPLAY ---]/Rune_Switch_Right/Pedestal","Cylinder","ruins","Mat_AncientStone",2,"Assets/HD_Jungle_Assets/Stones/HD_Stone_AncientPillar_01.prefab","Prefab",50,"semantic:stone; semantic:ancient"
"Pedestal","[--- 02_GAMEPLAY ---]/Rune_Switch_Right/Pedestal","Cylinder","ruins","Mat_AncientStone",3,"Assets/Supercyan Free Forest Sample/Prefabs/High Quality/Stone/forestpack_stone_large_1.prefab","Prefab",45,"semantic:stone; high-quality"
"Pedestal","[--- 02_GAMEPLAY ---]/Rune_Switch_Right/Pedestal","Cylinder","ruins","Mat_AncientStone",4,"Assets/Supercyan Free Forest Sample/Prefabs/High Quality/Stone/forestpack_stone_medium_1.prefab","Prefab",45,"semantic:stone; high-quality"
"Pedestal","[--- 02_GAMEPLAY ---]/Rune_Switch_Right/Pedestal","Cylinder","ruins","Mat_AncientStone",5,"Assets/Art/Bosses/Boss_StoneGolem.prefab","Prefab",35,"semantic:stone; project-art"
"RuneGem","[--- 02_GAMEPLAY ---]/Rune_Switch_Right/RuneGem","Sphere","ruins","Mat_RuneActiveGlow",1,"Assets/Art/Environment/Ruins/Ruins_RunePedestal.prefab","Prefab",35,"semantic:rune; project-art"
"RuneGem","[--- 02_GAMEPLAY ---]/Rune_Switch_Right/RuneGem","Sphere","ruins","Mat_RuneActiveGlow",2,"Assets/Art/VFX/VFX_Rune_ActivationGlow.prefab","Prefab",35,"semantic:rune; project-art"
"RuneGem","[--- 02_GAMEPLAY ---]/Rune_Switch_Right/RuneGem","Sphere","ruins","Mat_RuneActiveGlow",3,"Assets/Supercyan Free Forest Sample/Prefabs/High Quality/Foliage/Grass/forestpack_foliage_grassPatch_small_1.prefab","Prefab",20,"high-quality"
"RuneGem","[--- 02_GAMEPLAY ---]/Rune_Switch_Right/RuneGem","Sphere","ruins","Mat_RuneActiveGlow",4,"Assets/Supercyan Free Forest Sample/Prefabs/High Quality/Foliage/Grass/forestpack_foliage_grassPatch_small_2.prefab","Prefab",20,"high-quality"
"RuneGem","[--- 02_GAMEPLAY ---]/Rune_Switch_Right/RuneGem","Sphere","ruins","Mat_RuneActiveGlow",5,"Assets/Supercyan Free Forest Sample/Prefabs/High Quality/Foliage/Mushroom/forestpack_foliage_mushroom_blue_big.prefab","Prefab",20,"high-quality"
"Toxic_Mushroom_Hazard","[--- 02_GAMEPLAY ---]/Toxic_Mushroom_Hazard","Sphere","foliage","Mat_Toxic_Mushroom",1,"Assets/Supercyan Free Forest Sample/Prefabs/High Quality/Foliage/Mushroom/forestpack_foliage_mushroom_blue_big.prefab","Prefab",75,"semantic:mushroom; foliage-category; high-quality"
"Toxic_Mushroom_Hazard","[--- 02_GAMEPLAY ---]/Toxic_Mushroom_Hazard","Sphere","foliage","Mat_Toxic_Mushroom",2,"Assets/Supercyan Free Forest Sample/Prefabs/High Quality/Foliage/Mushroom/forestpack_foliage_mushroom_red_small.prefab","Prefab",75,"semantic:mushroom; foliage-category; high-quality"
"Toxic_Mushroom_Hazard","[--- 02_GAMEPLAY ---]/Toxic_Mushroom_Hazard","Sphere","foliage","Mat_Toxic_Mushroom",3,"Assets/Art/Environment/Plants/Plant_GlowingMushroom.prefab","Prefab",65,"semantic:mushroom; foliage-category; project-art"
"Toxic_Mushroom_Hazard","[--- 02_GAMEPLAY ---]/Toxic_Mushroom_Hazard","Sphere","foliage","Mat_Toxic_Mushroom",4,"Assets/Supercyan Free Forest Sample/Models/Foliage/Mushroom/forestpack_foliage_mushroom_blue_big.FBX","Model",55,"semantic:mushroom; foliage-category"
"Toxic_Mushroom_Hazard","[--- 02_GAMEPLAY ---]/Toxic_Mushroom_Hazard","Sphere","foliage","Mat_Toxic_Mushroom",5,"Assets/Supercyan Free Forest Sample/Models/Foliage/Mushroom/forestpack_foliage_mushroom_red_small.FBX","Model",55,"semantic:mushroom; foliage-category"
"Water_Extinguisher_Buff","[--- 02_GAMEPLAY ---]/Water_Extinguisher_Buff","Cylinder","environment","Default-Material",1,"Assets/Supercyan Free Forest Sample/Prefabs/High Quality/Foliage/Grass/forestpack_foliage_grassPatch_small_1.prefab","Prefab",20,"high-quality"
"Water_Extinguisher_Buff","[--- 02_GAMEPLAY ---]/Water_Extinguisher_Buff","Cylinder","environment","Default-Material",2,"Assets/Supercyan Free Forest Sample/Prefabs/High Quality/Foliage/Grass/forestpack_foliage_grassPatch_small_2.prefab","Prefab",20,"high-quality"
"Water_Extinguisher_Buff","[--- 02_GAMEPLAY ---]/Water_Extinguisher_Buff","Cylinder","environment","Default-Material",3,"Assets/Supercyan Free Forest Sample/Prefabs/High Quality/Foliage/Mushroom/forestpack_foliage_mushroom_blue_big.prefab","Prefab",20,"high-quality"
"Water_Extinguisher_Buff","[--- 02_GAMEPLAY ---]/Water_Extinguisher_Buff","Cylinder","environment","Default-Material",4,"Assets/Supercyan Free Forest Sample/Prefabs/High Quality/Foliage/Mushroom/forestpack_foliage_mushroom_red_small.prefab","Prefab",20,"high-quality"
"Water_Extinguisher_Buff","[--- 02_GAMEPLAY ---]/Water_Extinguisher_Buff","Cylinder","environment","Default-Material",5,"Assets/Supercyan Free Forest Sample/Prefabs/High Quality/Sign/forestpack_roadSign_westEast_1.prefab","Prefab",20,"high-quality"
"Body","[--- 02_GAMEPLAY ---]/Wildlife_Butterfly/Body","Cylinder","character","Mat_TitanFur",1,"Assets/Art/Wildlife/Wildlife_Butterfly.prefab","Prefab",70,"semantic:butterfly; character-category; project-art"
"Body","[--- 02_GAMEPLAY ---]/Wildlife_Butterfly/Body","Cylinder","character","Mat_TitanFur",2,"Assets/GreenBugGames/All Nature VFX/Art/Models/butterfly_01.fbx","Model",60,"semantic:butterfly; character-category"
"Body","[--- 02_GAMEPLAY ---]/Wildlife_Butterfly/Body","Cylinder","character","Mat_TitanFur",3,"Assets/GreenBugGames/All Nature VFX/Prefabs/Butterfly.prefab","Prefab",60,"semantic:butterfly; character-category"
"Body","[--- 02_GAMEPLAY ---]/Wildlife_Butterfly/Body","Cylinder","character","Mat_TitanFur",4,"Assets/GreenBugGames/All Nature VFX/Prefabs/Butterfly2.prefab","Prefab",60,"semantic:butterfly; character-category"
"Body","[--- 02_GAMEPLAY ---]/Wildlife_Butterfly/Body","Cylinder","character","Mat_TitanFur",5,"Assets/GreenBugGames/All Nature VFX/Prefabs/Butterfly3.prefab","Prefab",60,"semantic:butterfly; character-category"
"Wing_L","[--- 02_GAMEPLAY ---]/Wildlife_Butterfly/Wing_L","Cube","character","Mat_ButterflyWing",1,"Assets/Art/Wildlife/Wildlife_Butterfly.prefab","Prefab",70,"semantic:butterfly; character-category; project-art"
"Wing_L","[--- 02_GAMEPLAY ---]/Wildlife_Butterfly/Wing_L","Cube","character","Mat_ButterflyWing",2,"Assets/GreenBugGames/All Nature VFX/Art/Models/butterfly_01.fbx","Model",60,"semantic:butterfly; character-category"
"Wing_L","[--- 02_GAMEPLAY ---]/Wildlife_Butterfly/Wing_L","Cube","character","Mat_ButterflyWing",3,"Assets/GreenBugGames/All Nature VFX/Prefabs/Butterfly.prefab","Prefab",60,"semantic:butterfly; character-category"
"Wing_L","[--- 02_GAMEPLAY ---]/Wildlife_Butterfly/Wing_L","Cube","character","Mat_ButterflyWing",4,"Assets/GreenBugGames/All Nature VFX/Prefabs/Butterfly2.prefab","Prefab",60,"semantic:butterfly; character-category"
"Wing_L","[--- 02_GAMEPLAY ---]/Wildlife_Butterfly/Wing_L","Cube","character","Mat_ButterflyWing",5,"Assets/GreenBugGames/All Nature VFX/Prefabs/Butterfly3.prefab","Prefab",60,"semantic:butterfly; character-category"
"Wing_R","[--- 02_GAMEPLAY ---]/Wildlife_Butterfly/Wing_R","Cube","character","Mat_ButterflyWing",1,"Assets/Art/Wildlife/Wildlife_Butterfly.prefab","Prefab",70,"semantic:butterfly; character-category; project-art"
"Wing_R","[--- 02_GAMEPLAY ---]/Wildlife_Butterfly/Wing_R","Cube","character","Mat_ButterflyWing",2,"Assets/GreenBugGames/All Nature VFX/Art/Models/butterfly_01.fbx","Model",60,"semantic:butterfly; character-category"
"Wing_R","[--- 02_GAMEPLAY ---]/Wildlife_Butterfly/Wing_R","Cube","character","Mat_ButterflyWing",3,"Assets/GreenBugGames/All Nature VFX/Prefabs/Butterfly.prefab","Prefab",60,"semantic:butterfly; character-category"
"Wing_R","[--- 02_GAMEPLAY ---]/Wildlife_Butterfly/Wing_R","Cube","character","Mat_ButterflyWing",4,"Assets/GreenBugGames/All Nature VFX/Prefabs/Butterfly2.prefab","Prefab",60,"semantic:butterfly; character-category"
"Wing_R","[--- 02_GAMEPLAY ---]/Wildlife_Butterfly/Wing_R","Cube","character","Mat_ButterflyWing",5,"Assets/GreenBugGames/All Nature VFX/Prefabs/Butterfly3.prefab","Prefab",60,"semantic:butterfly; character-category"
"Body","[--- 02_GAMEPLAY ---]/Wildlife_Deer/Body","Capsule","character","Mat_DeerFur",1,"Assets/Art/Wildlife/Wildlife_Deer.prefab","Prefab",70,"semantic:deer; character-category; project-art"
"Body","[--- 02_GAMEPLAY ---]/Wildlife_Deer/Body","Capsule","character","Mat_DeerFur",2,"Assets/Art/Characters/Monkey_Base.prefab","Prefab",45,"character-category; project-art"
"Body","[--- 02_GAMEPLAY ---]/Wildlife_Deer/Body","Capsule","character","Mat_DeerFur",3,"Assets/Art/Characters/Monkey_DivineGuardian.prefab","Prefab",45,"character-category; project-art"
"Body","[--- 02_GAMEPLAY ---]/Wildlife_Deer/Body","Capsule","character","Mat_DeerFur",4,"Assets/Art/Characters/Monkey_Guardian.prefab","Prefab",45,"character-category; project-art"
"Body","[--- 02_GAMEPLAY ---]/Wildlife_Deer/Body","Capsule","character","Mat_DeerFur",5,"Assets/Art/Characters/Monkey_PrimalTitan.prefab","Prefab",45,"character-category; project-art"
"Head","[--- 02_GAMEPLAY ---]/Wildlife_Deer/Head","Sphere","character","Mat_DeerFur",1,"Assets/Art/Wildlife/Wildlife_Deer.prefab","Prefab",70,"semantic:deer; character-category; project-art"
"Head","[--- 02_GAMEPLAY ---]/Wildlife_Deer/Head","Sphere","character","Mat_DeerFur",2,"Assets/Art/Characters/Monkey_Base.prefab","Prefab",45,"character-category; project-art"
"Head","[--- 02_GAMEPLAY ---]/Wildlife_Deer/Head","Sphere","character","Mat_DeerFur",3,"Assets/Art/Characters/Monkey_DivineGuardian.prefab","Prefab",45,"character-category; project-art"
"Head","[--- 02_GAMEPLAY ---]/Wildlife_Deer/Head","Sphere","character","Mat_DeerFur",4,"Assets/Art/Characters/Monkey_Guardian.prefab","Prefab",45,"character-category; project-art"
"Head","[--- 02_GAMEPLAY ---]/Wildlife_Deer/Head","Sphere","character","Mat_DeerFur",5,"Assets/Art/Characters/Monkey_PrimalTitan.prefab","Prefab",45,"character-category; project-art"
"Antler_L","[--- 02_GAMEPLAY ---]/Wildlife_Deer/Head/Antler_L","Cylinder","character","Mat_JungleWood",1,"Assets/Art/Wildlife/Wildlife_Deer.prefab","Prefab",70,"semantic:deer; character-category; project-art"
"Antler_L","[--- 02_GAMEPLAY ---]/Wildlife_Deer/Head/Antler_L","Cylinder","character","Mat_JungleWood",2,"Assets/Art/Characters/Monkey_Base.prefab","Prefab",45,"character-category; project-art"
"Antler_L","[--- 02_GAMEPLAY ---]/Wildlife_Deer/Head/Antler_L","Cylinder","character","Mat_JungleWood",3,"Assets/Art/Characters/Monkey_DivineGuardian.prefab","Prefab",45,"character-category; project-art"
"Antler_L","[--- 02_GAMEPLAY ---]/Wildlife_Deer/Head/Antler_L","Cylinder","character","Mat_JungleWood",4,"Assets/Art/Characters/Monkey_Guardian.prefab","Prefab",45,"character-category; project-art"
"Antler_L","[--- 02_GAMEPLAY ---]/Wildlife_Deer/Head/Antler_L","Cylinder","character","Mat_JungleWood",5,"Assets/Art/Characters/Monkey_PrimalTitan.prefab","Prefab",45,"character-category; project-art"
"Antler_R","[--- 02_GAMEPLAY ---]/Wildlife_Deer/Head/Antler_R","Cylinder","character","Mat_JungleWood",1,"Assets/Art/Wildlife/Wildlife_Deer.prefab","Prefab",70,"semantic:deer; character-category; project-art"
"Antler_R","[--- 02_GAMEPLAY ---]/Wildlife_Deer/Head/Antler_R","Cylinder","character","Mat_JungleWood",2,"Assets/Art/Characters/Monkey_Base.prefab","Prefab",45,"character-category; project-art"
"Antler_R","[--- 02_GAMEPLAY ---]/Wildlife_Deer/Head/Antler_R","Cylinder","character","Mat_JungleWood",3,"Assets/Art/Characters/Monkey_DivineGuardian.prefab","Prefab",45,"character-category; project-art"
"Antler_R","[--- 02_GAMEPLAY ---]/Wildlife_Deer/Head/Antler_R","Cylinder","character","Mat_JungleWood",4,"Assets/Art/Characters/Monkey_Guardian.prefab","Prefab",45,"character-category; project-art"
"Antler_R","[--- 02_GAMEPLAY ---]/Wildlife_Deer/Head/Antler_R","Cylinder","character","Mat_JungleWood",5,"Assets/Art/Characters/Monkey_PrimalTitan.prefab","Prefab",45,"character-category; project-art"
"Leg_BL","[--- 02_GAMEPLAY ---]/Wildlife_Deer/Leg_BL","Capsule","character","Mat_DeerFur",1,"Assets/Art/Wildlife/Wildlife_Deer.prefab","Prefab",70,"semantic:deer; character-category; project-art"
"Leg_BL","[--- 02_GAMEPLAY ---]/Wildlife_Deer/Leg_BL","Capsule","character","Mat_DeerFur",2,"Assets/Art/Characters/Monkey_Base.prefab","Prefab",45,"character-category; project-art"
"Leg_BL","[--- 02_GAMEPLAY ---]/Wildlife_Deer/Leg_BL","Capsule","character","Mat_DeerFur",3,"Assets/Art/Characters/Monkey_DivineGuardian.prefab","Prefab",45,"character-category; project-art"
"Leg_BL","[--- 02_GAMEPLAY ---]/Wildlife_Deer/Leg_BL","Capsule","character","Mat_DeerFur",4,"Assets/Art/Characters/Monkey_Guardian.prefab","Prefab",45,"character-category; project-art"
"Leg_BL","[--- 02_GAMEPLAY ---]/Wildlife_Deer/Leg_BL","Capsule","character","Mat_DeerFur",5,"Assets/Art/Characters/Monkey_PrimalTitan.prefab","Prefab",45,"character-category; project-art"
"Leg_BR","[--- 02_GAMEPLAY ---]/Wildlife_Deer/Leg_BR","Capsule","character","Mat_DeerFur",1,"Assets/Art/Wildlife/Wildlife_Deer.prefab","Prefab",70,"semantic:deer; character-category; project-art"
"Leg_BR","[--- 02_GAMEPLAY ---]/Wildlife_Deer/Leg_BR","Capsule","character","Mat_DeerFur",2,"Assets/Art/Characters/Monkey_Base.prefab","Prefab",45,"character-category; project-art"
"Leg_BR","[--- 02_GAMEPLAY ---]/Wildlife_Deer/Leg_BR","Capsule","character","Mat_DeerFur",3,"Assets/Art/Characters/Monkey_DivineGuardian.prefab","Prefab",45,"character-category; project-art"
"Leg_BR","[--- 02_GAMEPLAY ---]/Wildlife_Deer/Leg_BR","Capsule","character","Mat_DeerFur",4,"Assets/Art/Characters/Monkey_Guardian.prefab","Prefab",45,"character-category; project-art"
"Leg_BR","[--- 02_GAMEPLAY ---]/Wildlife_Deer/Leg_BR","Capsule","character","Mat_DeerFur",5,"Assets/Art/Characters/Monkey_PrimalTitan.prefab","Prefab",45,"character-category; project-art"
"Leg_FL","[--- 02_GAMEPLAY ---]/Wildlife_Deer/Leg_FL","Capsule","character","Mat_DeerFur",1,"Assets/Art/Wildlife/Wildlife_Deer.prefab","Prefab",70,"semantic:deer; character-category; project-art"
"Leg_FL","[--- 02_GAMEPLAY ---]/Wildlife_Deer/Leg_FL","Capsule","character","Mat_DeerFur",2,"Assets/Art/Characters/Monkey_Base.prefab","Prefab",45,"character-category; project-art"
"Leg_FL","[--- 02_GAMEPLAY ---]/Wildlife_Deer/Leg_FL","Capsule","character","Mat_DeerFur",3,"Assets/Art/Characters/Monkey_DivineGuardian.prefab","Prefab",45,"character-category; project-art"
"Leg_FL","[--- 02_GAMEPLAY ---]/Wildlife_Deer/Leg_FL","Capsule","character","Mat_DeerFur",4,"Assets/Art/Characters/Monkey_Guardian.prefab","Prefab",45,"character-category; project-art"
"Leg_FL","[--- 02_GAMEPLAY ---]/Wildlife_Deer/Leg_FL","Capsule","character","Mat_DeerFur",5,"Assets/Art/Characters/Monkey_PrimalTitan.prefab","Prefab",45,"character-category; project-art"
"Leg_FR","[--- 02_GAMEPLAY ---]/Wildlife_Deer/Leg_FR","Capsule","character","Mat_DeerFur",1,"Assets/Art/Wildlife/Wildlife_Deer.prefab","Prefab",70,"semantic:deer; character-category; project-art"
"Leg_FR","[--- 02_GAMEPLAY ---]/Wildlife_Deer/Leg_FR","Capsule","character","Mat_DeerFur",2,"Assets/Art/Characters/Monkey_Base.prefab","Prefab",45,"character-category; project-art"
"Leg_FR","[--- 02_GAMEPLAY ---]/Wildlife_Deer/Leg_FR","Capsule","character","Mat_DeerFur",3,"Assets/Art/Characters/Monkey_DivineGuardian.prefab","Prefab",45,"character-category; project-art"
"Leg_FR","[--- 02_GAMEPLAY ---]/Wildlife_Deer/Leg_FR","Capsule","character","Mat_DeerFur",4,"Assets/Art/Characters/Monkey_Guardian.prefab","Prefab",45,"character-category; project-art"
"Leg_FR","[--- 02_GAMEPLAY ---]/Wildlife_Deer/Leg_FR","Capsule","character","Mat_DeerFur",5,"Assets/Art/Characters/Monkey_PrimalTitan.prefab","Prefab",45,"character-category; project-art"
"Arm_L","[--- 02_GAMEPLAY ---]/Wildlife_Monkey/Arm_L","Capsule","character","Mat_MonkeyFur",1,"Assets/Art/Characters/Monkey_Base.prefab","Prefab",70,"semantic:monkey; character-category; project-art"
"Arm_L","[--- 02_GAMEPLAY ---]/Wildlife_Monkey/Arm_L","Capsule","character","Mat_MonkeyFur",2,"Assets/Art/Characters/Monkey_DivineGuardian.prefab","Prefab",70,"semantic:monkey; character-category; project-art"
"Arm_L","[--- 02_GAMEPLAY ---]/Wildlife_Monkey/Arm_L","Capsule","character","Mat_MonkeyFur",3,"Assets/Art/Characters/Monkey_Guardian.prefab","Prefab",70,"semantic:monkey; character-category; project-art"
"Arm_L","[--- 02_GAMEPLAY ---]/Wildlife_Monkey/Arm_L","Capsule","character","Mat_MonkeyFur",4,"Assets/Art/Characters/Monkey_PrimalTitan.prefab","Prefab",70,"semantic:monkey; character-category; project-art"
"Arm_L","[--- 02_GAMEPLAY ---]/Wildlife_Monkey/Arm_L","Capsule","character","Mat_MonkeyFur",5,"Assets/Art/player/B3_Monkey/FbxUnity/Monkey_B3.Fbx","Model",70,"semantic:monkey; character-category; project-art"
"Arm_R","[--- 02_GAMEPLAY ---]/Wildlife_Monkey/Arm_R","Capsule","character","Mat_MonkeyFur",1,"Assets/Art/Characters/Monkey_Base.prefab","Prefab",70,"semantic:monkey; character-category; project-art"
"Arm_R","[--- 02_GAMEPLAY ---]/Wildlife_Monkey/Arm_R","Capsule","character","Mat_MonkeyFur",2,"Assets/Art/Characters/Monkey_DivineGuardian.prefab","Prefab",70,"semantic:monkey; character-category; project-art"
"Arm_R","[--- 02_GAMEPLAY ---]/Wildlife_Monkey/Arm_R","Capsule","character","Mat_MonkeyFur",3,"Assets/Art/Characters/Monkey_Guardian.prefab","Prefab",70,"semantic:monkey; character-category; project-art"
"Arm_R","[--- 02_GAMEPLAY ---]/Wildlife_Monkey/Arm_R","Capsule","character","Mat_MonkeyFur",4,"Assets/Art/Characters/Monkey_PrimalTitan.prefab","Prefab",70,"semantic:monkey; character-category; project-art"
"Arm_R","[--- 02_GAMEPLAY ---]/Wildlife_Monkey/Arm_R","Capsule","character","Mat_MonkeyFur",5,"Assets/Art/player/B3_Monkey/FbxUnity/Monkey_B3.Fbx","Model",70,"semantic:monkey; character-category; project-art"
"Body","[--- 02_GAMEPLAY ---]/Wildlife_Monkey/Body","Capsule","character","Mat_MonkeyFur",1,"Assets/Art/Characters/Monkey_Base.prefab","Prefab",70,"semantic:monkey; character-category; project-art"
"Body","[--- 02_GAMEPLAY ---]/Wildlife_Monkey/Body","Capsule","character","Mat_MonkeyFur",2,"Assets/Art/Characters/Monkey_DivineGuardian.prefab","Prefab",70,"semantic:monkey; character-category; project-art"
"Body","[--- 02_GAMEPLAY ---]/Wildlife_Monkey/Body","Capsule","character","Mat_MonkeyFur",3,"Assets/Art/Characters/Monkey_Guardian.prefab","Prefab",70,"semantic:monkey; character-category; project-art"
"Body","[--- 02_GAMEPLAY ---]/Wildlife_Monkey/Body","Capsule","character","Mat_MonkeyFur",4,"Assets/Art/Characters/Monkey_PrimalTitan.prefab","Prefab",70,"semantic:monkey; character-category; project-art"
"Body","[--- 02_GAMEPLAY ---]/Wildlife_Monkey/Body","Capsule","character","Mat_MonkeyFur",5,"Assets/Art/player/B3_Monkey/FbxUnity/Monkey_B3.Fbx","Model",70,"semantic:monkey; character-category; project-art"
"Head","[--- 02_GAMEPLAY ---]/Wildlife_Monkey/Head","Sphere","character","Mat_MonkeyFur",1,"Assets/Art/Characters/Monkey_Base.prefab","Prefab",70,"semantic:monkey; character-category; project-art"
"Head","[--- 02_GAMEPLAY ---]/Wildlife_Monkey/Head","Sphere","character","Mat_MonkeyFur",2,"Assets/Art/Characters/Monkey_DivineGuardian.prefab","Prefab",70,"semantic:monkey; character-category; project-art"
"Head","[--- 02_GAMEPLAY ---]/Wildlife_Monkey/Head","Sphere","character","Mat_MonkeyFur",3,"Assets/Art/Characters/Monkey_Guardian.prefab","Prefab",70,"semantic:monkey; character-category; project-art"
"Head","[--- 02_GAMEPLAY ---]/Wildlife_Monkey/Head","Sphere","character","Mat_MonkeyFur",4,"Assets/Art/Characters/Monkey_PrimalTitan.prefab","Prefab",70,"semantic:monkey; character-category; project-art"
"Head","[--- 02_GAMEPLAY ---]/Wildlife_Monkey/Head","Sphere","character","Mat_MonkeyFur",5,"Assets/Art/player/B3_Monkey/FbxUnity/Monkey_B3.Fbx","Model",70,"semantic:monkey; character-category; project-art"
"Leg_L","[--- 02_GAMEPLAY ---]/Wildlife_Monkey/Leg_L","Capsule","character","Mat_MonkeyFur",1,"Assets/Art/Characters/Monkey_Base.prefab","Prefab",70,"semantic:monkey; character-category; project-art"
"Leg_L","[--- 02_GAMEPLAY ---]/Wildlife_Monkey/Leg_L","Capsule","character","Mat_MonkeyFur",2,"Assets/Art/Characters/Monkey_DivineGuardian.prefab","Prefab",70,"semantic:monkey; character-category; project-art"
"Leg_L","[--- 02_GAMEPLAY ---]/Wildlife_Monkey/Leg_L","Capsule","character","Mat_MonkeyFur",3,"Assets/Art/Characters/Monkey_Guardian.prefab","Prefab",70,"semantic:monkey; character-category; project-art"
"Leg_L","[--- 02_GAMEPLAY ---]/Wildlife_Monkey/Leg_L","Capsule","character","Mat_MonkeyFur",4,"Assets/Art/Characters/Monkey_PrimalTitan.prefab","Prefab",70,"semantic:monkey; character-category; project-art"
"Leg_L","[--- 02_GAMEPLAY ---]/Wildlife_Monkey/Leg_L","Capsule","character","Mat_MonkeyFur",5,"Assets/Art/player/B3_Monkey/FbxUnity/Monkey_B3.Fbx","Model",70,"semantic:monkey; character-category; project-art"
"Leg_R","[--- 02_GAMEPLAY ---]/Wildlife_Monkey/Leg_R","Capsule","character","Mat_MonkeyFur",1,"Assets/Art/Characters/Monkey_Base.prefab","Prefab",70,"semantic:monkey; character-category; project-art"
"Leg_R","[--- 02_GAMEPLAY ---]/Wildlife_Monkey/Leg_R","Capsule","character","Mat_MonkeyFur",2,"Assets/Art/Characters/Monkey_DivineGuardian.prefab","Prefab",70,"semantic:monkey; character-category; project-art"
"Leg_R","[--- 02_GAMEPLAY ---]/Wildlife_Monkey/Leg_R","Capsule","character","Mat_MonkeyFur",3,"Assets/Art/Characters/Monkey_Guardian.prefab","Prefab",70,"semantic:monkey; character-category; project-art"
"Leg_R","[--- 02_GAMEPLAY ---]/Wildlife_Monkey/Leg_R","Capsule","character","Mat_MonkeyFur",4,"Assets/Art/Characters/Monkey_PrimalTitan.prefab","Prefab",70,"semantic:monkey; character-category; project-art"
"Leg_R","[--- 02_GAMEPLAY ---]/Wildlife_Monkey/Leg_R","Capsule","character","Mat_MonkeyFur",5,"Assets/Art/player/B3_Monkey/FbxUnity/Monkey_B3.Fbx","Model",70,"semantic:monkey; character-category; project-art"
"Snout","[--- 02_GAMEPLAY ---]/Wildlife_Monkey/Snout","Sphere","character","Mat_MonkeySkin",1,"Assets/Art/Characters/Monkey_Base.prefab","Prefab",70,"semantic:monkey; character-category; project-art"
"Snout","[--- 02_GAMEPLAY ---]/Wildlife_Monkey/Snout","Sphere","character","Mat_MonkeySkin",2,"Assets/Art/Characters/Monkey_DivineGuardian.prefab","Prefab",70,"semantic:monkey; character-category; project-art"
"Snout","[--- 02_GAMEPLAY ---]/Wildlife_Monkey/Snout","Sphere","character","Mat_MonkeySkin",3,"Assets/Art/Characters/Monkey_Guardian.prefab","Prefab",70,"semantic:monkey; character-category; project-art"
"Snout","[--- 02_GAMEPLAY ---]/Wildlife_Monkey/Snout","Sphere","character","Mat_MonkeySkin",4,"Assets/Art/Characters/Monkey_PrimalTitan.prefab","Prefab",70,"semantic:monkey; character-category; project-art"
"Snout","[--- 02_GAMEPLAY ---]/Wildlife_Monkey/Snout","Sphere","character","Mat_MonkeySkin",5,"Assets/Art/player/B3_Monkey/FbxUnity/Monkey_B3.Fbx","Model",70,"semantic:monkey; character-category; project-art"
"Body","[--- 02_GAMEPLAY ---]/Wildlife_Parrot/Body","Capsule","character","Mat_ParrotFeather",1,"Assets/Art/Wildlife/Wildlife_Parrot.prefab","Prefab",70,"semantic:parrot; character-category; project-art"
"Body","[--- 02_GAMEPLAY ---]/Wildlife_Parrot/Body","Capsule","character","Mat_ParrotFeather",2,"Assets/Art/Characters/Monkey_Base.prefab","Prefab",45,"character-category; project-art"
"Body","[--- 02_GAMEPLAY ---]/Wildlife_Parrot/Body","Capsule","character","Mat_ParrotFeather",3,"Assets/Art/Characters/Monkey_DivineGuardian.prefab","Prefab",45,"character-category; project-art"
"Body","[--- 02_GAMEPLAY ---]/Wildlife_Parrot/Body","Capsule","character","Mat_ParrotFeather",4,"Assets/Art/Characters/Monkey_Guardian.prefab","Prefab",45,"character-category; project-art"
"Body","[--- 02_GAMEPLAY ---]/Wildlife_Parrot/Body","Capsule","character","Mat_ParrotFeather",5,"Assets/Art/Characters/Monkey_PrimalTitan.prefab","Prefab",45,"character-category; project-art"
"Beak","[--- 02_GAMEPLAY ---]/Wildlife_Parrot/Body/Beak","Cube","character","Mat_GuardianGold",1,"Assets/Art/Characters/Monkey_DivineGuardian.prefab","Prefab",70,"semantic:guardian; character-category; project-art"
"Beak","[--- 02_GAMEPLAY ---]/Wildlife_Parrot/Body/Beak","Cube","character","Mat_GuardianGold",2,"Assets/Art/Characters/Monkey_Guardian.prefab","Prefab",70,"semantic:guardian; character-category; project-art"
"Beak","[--- 02_GAMEPLAY ---]/Wildlife_Parrot/Body/Beak","Cube","character","Mat_GuardianGold",3,"Assets/Art/VFX/VFX_Guardian_Aura.prefab","Prefab",70,"semantic:guardian; character-category; project-art"
"Beak","[--- 02_GAMEPLAY ---]/Wildlife_Parrot/Body/Beak","Cube","character","Mat_GuardianGold",4,"Assets/Art/Wildlife/Wildlife_Parrot.prefab","Prefab",70,"semantic:parrot; character-category; project-art"
"Beak","[--- 02_GAMEPLAY ---]/Wildlife_Parrot/Body/Beak","Cube","character","Mat_GuardianGold",5,"Assets/Art/Characters/Monkey_Base.prefab","Prefab",45,"character-category; project-art"
"Wing_L","[--- 02_GAMEPLAY ---]/Wildlife_Parrot/Body/Wing_L","Cube","character","Mat_DivineCyan",1,"Assets/Art/Characters/Monkey_DivineGuardian.prefab","Prefab",70,"semantic:vine; character-category; project-art"
"Wing_L","[--- 02_GAMEPLAY ---]/Wildlife_Parrot/Body/Wing_L","Cube","character","Mat_DivineCyan",2,"Assets/Art/Wildlife/Wildlife_Parrot.prefab","Prefab",70,"semantic:parrot; character-category; project-art"
"Wing_L","[--- 02_GAMEPLAY ---]/Wildlife_Parrot/Body/Wing_L","Cube","character","Mat_DivineCyan",3,"Assets/Art/Characters/Monkey_Base.prefab","Prefab",45,"character-category; project-art"
"Wing_L","[--- 02_GAMEPLAY ---]/Wildlife_Parrot/Body/Wing_L","Cube","character","Mat_DivineCyan",4,"Assets/Art/Characters/Monkey_Guardian.prefab","Prefab",45,"character-category; project-art"
"Wing_L","[--- 02_GAMEPLAY ---]/Wildlife_Parrot/Body/Wing_L","Cube","character","Mat_DivineCyan",5,"Assets/Art/Characters/Monkey_PrimalTitan.prefab","Prefab",45,"character-category; project-art"
"Wing_R","[--- 02_GAMEPLAY ---]/Wildlife_Parrot/Body/Wing_R","Cube","character","Mat_DivineCyan",1,"Assets/Art/Characters/Monkey_DivineGuardian.prefab","Prefab",70,"semantic:vine; character-category; project-art"
"Wing_R","[--- 02_GAMEPLAY ---]/Wildlife_Parrot/Body/Wing_R","Cube","character","Mat_DivineCyan",2,"Assets/Art/Wildlife/Wildlife_Parrot.prefab","Prefab",70,"semantic:parrot; character-category; project-art"
"Wing_R","[--- 02_GAMEPLAY ---]/Wildlife_Parrot/Body/Wing_R","Cube","character","Mat_DivineCyan",3,"Assets/Art/Characters/Monkey_Base.prefab","Prefab",45,"character-category; project-art"
"Wing_R","[--- 02_GAMEPLAY ---]/Wildlife_Parrot/Body/Wing_R","Cube","character","Mat_DivineCyan",4,"Assets/Art/Characters/Monkey_Guardian.prefab","Prefab",45,"character-category; project-art"
"Wing_R","[--- 02_GAMEPLAY ---]/Wildlife_Parrot/Body/Wing_R","Cube","character","Mat_DivineCyan",5,"Assets/Art/Characters/Monkey_PrimalTitan.prefab","Prefab",45,"character-category; project-art"
"Body","[--- 02_GAMEPLAY ---]/Wildlife_TreeFrog/Body","Sphere","character","Mat_FrogSkin",1,"Assets/Art/Wildlife/Wildlife_TreeFrog.prefab","Prefab",95,"semantic:tree; semantic:frog; character-category; project-art"
"Body","[--- 02_GAMEPLAY ---]/Wildlife_TreeFrog/Body","Sphere","character","Mat_FrogSkin",2,"Assets/Art/Characters/Monkey_Base.prefab","Prefab",45,"character-category; project-art"
"Body","[--- 02_GAMEPLAY ---]/Wildlife_TreeFrog/Body","Sphere","character","Mat_FrogSkin",3,"Assets/Art/Characters/Monkey_DivineGuardian.prefab","Prefab",45,"character-category; project-art"
"Body","[--- 02_GAMEPLAY ---]/Wildlife_TreeFrog/Body","Sphere","character","Mat_FrogSkin",4,"Assets/Art/Characters/Monkey_Guardian.prefab","Prefab",45,"character-category; project-art"
"Body","[--- 02_GAMEPLAY ---]/Wildlife_TreeFrog/Body","Sphere","character","Mat_FrogSkin",5,"Assets/Art/Characters/Monkey_PrimalTitan.prefab","Prefab",45,"character-category; project-art"
"Eye_L","[--- 02_GAMEPLAY ---]/Wildlife_TreeFrog/Body/Eye_L","Sphere","character","Mat_FrogSkin",1,"Assets/Art/Wildlife/Wildlife_TreeFrog.prefab","Prefab",95,"semantic:tree; semantic:frog; character-category; project-art"
"Eye_L","[--- 02_GAMEPLAY ---]/Wildlife_TreeFrog/Body/Eye_L","Sphere","character","Mat_FrogSkin",2,"Assets/Art/Characters/Monkey_Base.prefab","Prefab",45,"character-category; project-art"
"Eye_L","[--- 02_GAMEPLAY ---]/Wildlife_TreeFrog/Body/Eye_L","Sphere","character","Mat_FrogSkin",3,"Assets/Art/Characters/Monkey_DivineGuardian.prefab","Prefab",45,"character-category; project-art"
"Eye_L","[--- 02_GAMEPLAY ---]/Wildlife_TreeFrog/Body/Eye_L","Sphere","character","Mat_FrogSkin",4,"Assets/Art/Characters/Monkey_Guardian.prefab","Prefab",45,"character-category; project-art"
"Eye_L","[--- 02_GAMEPLAY ---]/Wildlife_TreeFrog/Body/Eye_L","Sphere","character","Mat_FrogSkin",5,"Assets/Art/Characters/Monkey_PrimalTitan.prefab","Prefab",45,"character-category; project-art"
"Eye_R","[--- 02_GAMEPLAY ---]/Wildlife_TreeFrog/Body/Eye_R","Sphere","character","Mat_FrogSkin",1,"Assets/Art/Wildlife/Wildlife_TreeFrog.prefab","Prefab",95,"semantic:tree; semantic:frog; character-category; project-art"
"Eye_R","[--- 02_GAMEPLAY ---]/Wildlife_TreeFrog/Body/Eye_R","Sphere","character","Mat_FrogSkin",2,"Assets/Art/Characters/Monkey_Base.prefab","Prefab",45,"character-category; project-art"
"Eye_R","[--- 02_GAMEPLAY ---]/Wildlife_TreeFrog/Body/Eye_R","Sphere","character","Mat_FrogSkin",3,"Assets/Art/Characters/Monkey_DivineGuardian.prefab","Prefab",45,"character-category; project-art"
"Eye_R","[--- 02_GAMEPLAY ---]/Wildlife_TreeFrog/Body/Eye_R","Sphere","character","Mat_FrogSkin",4,"Assets/Art/Characters/Monkey_Guardian.prefab","Prefab",45,"character-category; project-art"
"Eye_R","[--- 02_GAMEPLAY ---]/Wildlife_TreeFrog/Body/Eye_R","Sphere","character","Mat_FrogSkin",5,"Assets/Art/Characters/Monkey_PrimalTitan.prefab","Prefab",45,"character-category; project-art"
"Leg_L","[--- 02_GAMEPLAY ---]/Wildlife_TreeFrog/Leg_L","Sphere","character","Mat_FrogSkin",1,"Assets/Art/Wildlife/Wildlife_TreeFrog.prefab","Prefab",95,"semantic:tree; semantic:frog; character-category; project-art"
"Leg_L","[--- 02_GAMEPLAY ---]/Wildlife_TreeFrog/Leg_L","Sphere","character","Mat_FrogSkin",2,"Assets/Art/Characters/Monkey_Base.prefab","Prefab",45,"character-category; project-art"
"Leg_L","[--- 02_GAMEPLAY ---]/Wildlife_TreeFrog/Leg_L","Sphere","character","Mat_FrogSkin",3,"Assets/Art/Characters/Monkey_DivineGuardian.prefab","Prefab",45,"character-category; project-art"
"Leg_L","[--- 02_GAMEPLAY ---]/Wildlife_TreeFrog/Leg_L","Sphere","character","Mat_FrogSkin",4,"Assets/Art/Characters/Monkey_Guardian.prefab","Prefab",45,"character-category; project-art"
"Leg_L","[--- 02_GAMEPLAY ---]/Wildlife_TreeFrog/Leg_L","Sphere","character","Mat_FrogSkin",5,"Assets/Art/Characters/Monkey_PrimalTitan.prefab","Prefab",45,"character-category; project-art"
"Leg_R","[--- 02_GAMEPLAY ---]/Wildlife_TreeFrog/Leg_R","Sphere","character","Mat_FrogSkin",1,"Assets/Art/Wildlife/Wildlife_TreeFrog.prefab","Prefab",95,"semantic:tree; semantic:frog; character-category; project-art"
"Leg_R","[--- 02_GAMEPLAY ---]/Wildlife_TreeFrog/Leg_R","Sphere","character","Mat_FrogSkin",2,"Assets/Art/Characters/Monkey_Base.prefab","Prefab",45,"character-category; project-art"
"Leg_R","[--- 02_GAMEPLAY ---]/Wildlife_TreeFrog/Leg_R","Sphere","character","Mat_FrogSkin",3,"Assets/Art/Characters/Monkey_DivineGuardian.prefab","Prefab",45,"character-category; project-art"
"Leg_R","[--- 02_GAMEPLAY ---]/Wildlife_TreeFrog/Leg_R","Sphere","character","Mat_FrogSkin",4,"Assets/Art/Characters/Monkey_Guardian.prefab","Prefab",45,"character-category; project-art"
"Leg_R","[--- 02_GAMEPLAY ---]/Wildlife_TreeFrog/Leg_R","Sphere","character","Mat_FrogSkin",5,"Assets/Art/Characters/Monkey_PrimalTitan.prefab","Prefab",45,"character-category; project-art"
